{"login":["krsjoseph"],"id":[1019869],"node_id":["MDQ6VXNlcjEwMTk4Njk="],"avatar_url":["https://avatars0.githubusercontent.com/u/1019869?v=4"],"gravatar_id":[""],"url":["https://api.github.com/users/krsjoseph"],"html_url":["https://github.com/krsjoseph"],"followers_url":["https://api.github.com/users/krsjoseph/followers"],"following_url":["https://api.github.com/users/krsjoseph/following{/other_user}"],"gists_url":["https://api.github.com/users/krsjoseph/gists{/gist_id}"],"starred_url":["https://api.github.com/users/krsjoseph/starred{/owner}{/repo}"],"subscriptions_url":["https://api.github.com/users/krsjoseph/subscriptions"],"organizations_url":["https://api.github.com/users/krsjoseph/orgs"],"repos_url":["https://api.github.com/users/krsjoseph/repos"],"events_url":["https://api.github.com/users/krsjoseph/events{/privacy}"],"received_events_url":["https://api.github.com/users/krsjoseph/received_events"],"type":["User"],"site_admin":[false]}
