{"login":["ORESoftware"],"id":[11139560],"node_id":["MDQ6VXNlcjExMTM5NTYw"],"avatar_url":["https://avatars1.githubusercontent.com/u/11139560?v=4"],"gravatar_id":[""],"url":["https://api.github.com/users/ORESoftware"],"html_url":["https://github.com/ORESoftware"],"followers_url":["https://api.github.com/users/ORESoftware/followers"],"following_url":["https://api.github.com/users/ORESoftware/following{/other_user}"],"gists_url":["https://api.github.com/users/ORESoftware/gists{/gist_id}"],"starred_url":["https://api.github.com/users/ORESoftware/starred{/owner}{/repo}"],"subscriptions_url":["https://api.github.com/users/ORESoftware/subscriptions"],"organizations_url":["https://api.github.com/users/ORESoftware/orgs"],"repos_url":["https://api.github.com/users/ORESoftware/repos"],"events_url":["https://api.github.com/users/ORESoftware/events{/privacy}"],"received_events_url":["https://api.github.com/users/ORESoftware/received_events"],"type":["User"],"site_admin":[false]}
