{"login":["picatz"],"id":[14850816],"node_id":["MDQ6VXNlcjE0ODUwODE2"],"avatar_url":["https://avatars0.githubusercontent.com/u/14850816?v=4"],"gravatar_id":[""],"url":["https://api.github.com/users/picatz"],"html_url":["https://github.com/picatz"],"followers_url":["https://api.github.com/users/picatz/followers"],"following_url":["https://api.github.com/users/picatz/following{/other_user}"],"gists_url":["https://api.github.com/users/picatz/gists{/gist_id}"],"starred_url":["https://api.github.com/users/picatz/starred{/owner}{/repo}"],"subscriptions_url":["https://api.github.com/users/picatz/subscriptions"],"organizations_url":["https://api.github.com/users/picatz/orgs"],"repos_url":["https://api.github.com/users/picatz/repos"],"events_url":["https://api.github.com/users/picatz/events{/privacy}"],"received_events_url":["https://api.github.com/users/picatz/received_events"],"type":["User"],"site_admin":[false]}
