{"login":["yujunlong2000"],"id":[1635215],"node_id":["MDQ6VXNlcjE2MzUyMTU="],"avatar_url":["https://avatars1.githubusercontent.com/u/1635215?v=4"],"gravatar_id":[""],"url":["https://api.github.com/users/yujunlong2000"],"html_url":["https://github.com/yujunlong2000"],"followers_url":["https://api.github.com/users/yujunlong2000/followers"],"following_url":["https://api.github.com/users/yujunlong2000/following{/other_user}"],"gists_url":["https://api.github.com/users/yujunlong2000/gists{/gist_id}"],"starred_url":["https://api.github.com/users/yujunlong2000/starred{/owner}{/repo}"],"subscriptions_url":["https://api.github.com/users/yujunlong2000/subscriptions"],"organizations_url":["https://api.github.com/users/yujunlong2000/orgs"],"repos_url":["https://api.github.com/users/yujunlong2000/repos"],"events_url":["https://api.github.com/users/yujunlong2000/events{/privacy}"],"received_events_url":["https://api.github.com/users/yujunlong2000/received_events"],"type":["User"],"site_admin":[false]}
