{"login":["chaosdatagroup"],"id":[18638857],"node_id":["MDQ6VXNlcjE4NjM4ODU3"],"avatar_url":["https://avatars1.githubusercontent.com/u/18638857?v=4"],"gravatar_id":[""],"url":["https://api.github.com/users/chaosdatagroup"],"html_url":["https://github.com/chaosdatagroup"],"followers_url":["https://api.github.com/users/chaosdatagroup/followers"],"following_url":["https://api.github.com/users/chaosdatagroup/following{/other_user}"],"gists_url":["https://api.github.com/users/chaosdatagroup/gists{/gist_id}"],"starred_url":["https://api.github.com/users/chaosdatagroup/starred{/owner}{/repo}"],"subscriptions_url":["https://api.github.com/users/chaosdatagroup/subscriptions"],"organizations_url":["https://api.github.com/users/chaosdatagroup/orgs"],"repos_url":["https://api.github.com/users/chaosdatagroup/repos"],"events_url":["https://api.github.com/users/chaosdatagroup/events{/privacy}"],"received_events_url":["https://api.github.com/users/chaosdatagroup/received_events"],"type":["User"],"site_admin":[false]}
