{"login":["tzcteddy"],"id":[22477158],"node_id":["MDQ6VXNlcjIyNDc3MTU4"],"avatar_url":["https://avatars2.githubusercontent.com/u/22477158?v=4"],"gravatar_id":[""],"url":["https://api.github.com/users/tzcteddy"],"html_url":["https://github.com/tzcteddy"],"followers_url":["https://api.github.com/users/tzcteddy/followers"],"following_url":["https://api.github.com/users/tzcteddy/following{/other_user}"],"gists_url":["https://api.github.com/users/tzcteddy/gists{/gist_id}"],"starred_url":["https://api.github.com/users/tzcteddy/starred{/owner}{/repo}"],"subscriptions_url":["https://api.github.com/users/tzcteddy/subscriptions"],"organizations_url":["https://api.github.com/users/tzcteddy/orgs"],"repos_url":["https://api.github.com/users/tzcteddy/repos"],"events_url":["https://api.github.com/users/tzcteddy/events{/privacy}"],"received_events_url":["https://api.github.com/users/tzcteddy/received_events"],"type":["User"],"site_admin":[false]}
