{"login":["dydx"],"id":[25685],"node_id":["MDQ6VXNlcjI1Njg1"],"avatar_url":["https://avatars3.githubusercontent.com/u/25685?v=4"],"gravatar_id":[""],"url":["https://api.github.com/users/dydx"],"html_url":["https://github.com/dydx"],"followers_url":["https://api.github.com/users/dydx/followers"],"following_url":["https://api.github.com/users/dydx/following{/other_user}"],"gists_url":["https://api.github.com/users/dydx/gists{/gist_id}"],"starred_url":["https://api.github.com/users/dydx/starred{/owner}{/repo}"],"subscriptions_url":["https://api.github.com/users/dydx/subscriptions"],"organizations_url":["https://api.github.com/users/dydx/orgs"],"repos_url":["https://api.github.com/users/dydx/repos"],"events_url":["https://api.github.com/users/dydx/events{/privacy}"],"received_events_url":["https://api.github.com/users/dydx/received_events"],"type":["User"],"site_admin":[false]}
