{"login":["unlight"],"id":[301732],"node_id":["MDQ6VXNlcjMwMTczMg=="],"avatar_url":["https://avatars2.githubusercontent.com/u/301732?v=4"],"gravatar_id":[""],"url":["https://api.github.com/users/unlight"],"html_url":["https://github.com/unlight"],"followers_url":["https://api.github.com/users/unlight/followers"],"following_url":["https://api.github.com/users/unlight/following{/other_user}"],"gists_url":["https://api.github.com/users/unlight/gists{/gist_id}"],"starred_url":["https://api.github.com/users/unlight/starred{/owner}{/repo}"],"subscriptions_url":["https://api.github.com/users/unlight/subscriptions"],"organizations_url":["https://api.github.com/users/unlight/orgs"],"repos_url":["https://api.github.com/users/unlight/repos"],"events_url":["https://api.github.com/users/unlight/events{/privacy}"],"received_events_url":["https://api.github.com/users/unlight/received_events"],"type":["User"],"site_admin":[false]}
