{"login":["linebreaker"],"id":[3524961],"node_id":["MDQ6VXNlcjM1MjQ5NjE="],"avatar_url":["https://avatars0.githubusercontent.com/u/3524961?v=4"],"gravatar_id":[""],"url":["https://api.github.com/users/linebreaker"],"html_url":["https://github.com/linebreaker"],"followers_url":["https://api.github.com/users/linebreaker/followers"],"following_url":["https://api.github.com/users/linebreaker/following{/other_user}"],"gists_url":["https://api.github.com/users/linebreaker/gists{/gist_id}"],"starred_url":["https://api.github.com/users/linebreaker/starred{/owner}{/repo}"],"subscriptions_url":["https://api.github.com/users/linebreaker/subscriptions"],"organizations_url":["https://api.github.com/users/linebreaker/orgs"],"repos_url":["https://api.github.com/users/linebreaker/repos"],"events_url":["https://api.github.com/users/linebreaker/events{/privacy}"],"received_events_url":["https://api.github.com/users/linebreaker/received_events"],"type":["User"],"site_admin":[false]}
