{"login":["JessicaZhangqq"],"id":[36746337],"node_id":["MDQ6VXNlcjM2NzQ2MzM3"],"avatar_url":["https://avatars2.githubusercontent.com/u/36746337?v=4"],"gravatar_id":[""],"url":["https://api.github.com/users/JessicaZhangqq"],"html_url":["https://github.com/JessicaZhangqq"],"followers_url":["https://api.github.com/users/JessicaZhangqq/followers"],"following_url":["https://api.github.com/users/JessicaZhangqq/following{/other_user}"],"gists_url":["https://api.github.com/users/JessicaZhangqq/gists{/gist_id}"],"starred_url":["https://api.github.com/users/JessicaZhangqq/starred{/owner}{/repo}"],"subscriptions_url":["https://api.github.com/users/JessicaZhangqq/subscriptions"],"organizations_url":["https://api.github.com/users/JessicaZhangqq/orgs"],"repos_url":["https://api.github.com/users/JessicaZhangqq/repos"],"events_url":["https://api.github.com/users/JessicaZhangqq/events{/privacy}"],"received_events_url":["https://api.github.com/users/JessicaZhangqq/received_events"],"type":["User"],"site_admin":[false]}
