{"login":["barbagrigia"],"id":[3762784],"node_id":["MDQ6VXNlcjM3NjI3ODQ="],"avatar_url":["https://avatars3.githubusercontent.com/u/3762784?v=4"],"gravatar_id":[""],"url":["https://api.github.com/users/barbagrigia"],"html_url":["https://github.com/barbagrigia"],"followers_url":["https://api.github.com/users/barbagrigia/followers"],"following_url":["https://api.github.com/users/barbagrigia/following{/other_user}"],"gists_url":["https://api.github.com/users/barbagrigia/gists{/gist_id}"],"starred_url":["https://api.github.com/users/barbagrigia/starred{/owner}{/repo}"],"subscriptions_url":["https://api.github.com/users/barbagrigia/subscriptions"],"organizations_url":["https://api.github.com/users/barbagrigia/orgs"],"repos_url":["https://api.github.com/users/barbagrigia/repos"],"events_url":["https://api.github.com/users/barbagrigia/events{/privacy}"],"received_events_url":["https://api.github.com/users/barbagrigia/received_events"],"type":["User"],"site_admin":[false]}
