{"login":["sgup"],"id":[404386],"node_id":["MDQ6VXNlcjQwNDM4Ng=="],"avatar_url":["https://avatars3.githubusercontent.com/u/404386?v=4"],"gravatar_id":[""],"url":["https://api.github.com/users/sgup"],"html_url":["https://github.com/sgup"],"followers_url":["https://api.github.com/users/sgup/followers"],"following_url":["https://api.github.com/users/sgup/following{/other_user}"],"gists_url":["https://api.github.com/users/sgup/gists{/gist_id}"],"starred_url":["https://api.github.com/users/sgup/starred{/owner}{/repo}"],"subscriptions_url":["https://api.github.com/users/sgup/subscriptions"],"organizations_url":["https://api.github.com/users/sgup/orgs"],"repos_url":["https://api.github.com/users/sgup/repos"],"events_url":["https://api.github.com/users/sgup/events{/privacy}"],"received_events_url":["https://api.github.com/users/sgup/received_events"],"type":["User"],"site_admin":[false]}
