{"login":["zhao791204"],"id":[4101111],"node_id":["MDQ6VXNlcjQxMDExMTE="],"avatar_url":["https://avatars0.githubusercontent.com/u/4101111?v=4"],"gravatar_id":[""],"url":["https://api.github.com/users/zhao791204"],"html_url":["https://github.com/zhao791204"],"followers_url":["https://api.github.com/users/zhao791204/followers"],"following_url":["https://api.github.com/users/zhao791204/following{/other_user}"],"gists_url":["https://api.github.com/users/zhao791204/gists{/gist_id}"],"starred_url":["https://api.github.com/users/zhao791204/starred{/owner}{/repo}"],"subscriptions_url":["https://api.github.com/users/zhao791204/subscriptions"],"organizations_url":["https://api.github.com/users/zhao791204/orgs"],"repos_url":["https://api.github.com/users/zhao791204/repos"],"events_url":["https://api.github.com/users/zhao791204/events{/privacy}"],"received_events_url":["https://api.github.com/users/zhao791204/received_events"],"type":["User"],"site_admin":[false]}
