{"login":["emilbayes"],"id":[416524],"node_id":["MDQ6VXNlcjQxNjUyNA=="],"avatar_url":["https://avatars1.githubusercontent.com/u/416524?v=4"],"gravatar_id":[""],"url":["https://api.github.com/users/emilbayes"],"html_url":["https://github.com/emilbayes"],"followers_url":["https://api.github.com/users/emilbayes/followers"],"following_url":["https://api.github.com/users/emilbayes/following{/other_user}"],"gists_url":["https://api.github.com/users/emilbayes/gists{/gist_id}"],"starred_url":["https://api.github.com/users/emilbayes/starred{/owner}{/repo}"],"subscriptions_url":["https://api.github.com/users/emilbayes/subscriptions"],"organizations_url":["https://api.github.com/users/emilbayes/orgs"],"repos_url":["https://api.github.com/users/emilbayes/repos"],"events_url":["https://api.github.com/users/emilbayes/events{/privacy}"],"received_events_url":["https://api.github.com/users/emilbayes/received_events"],"type":["User"],"site_admin":[false]}
