{"login":["daluege"],"id":[4172370],"node_id":["MDQ6VXNlcjQxNzIzNzA="],"avatar_url":["https://avatars2.githubusercontent.com/u/4172370?v=4"],"gravatar_id":[""],"url":["https://api.github.com/users/daluege"],"html_url":["https://github.com/daluege"],"followers_url":["https://api.github.com/users/daluege/followers"],"following_url":["https://api.github.com/users/daluege/following{/other_user}"],"gists_url":["https://api.github.com/users/daluege/gists{/gist_id}"],"starred_url":["https://api.github.com/users/daluege/starred{/owner}{/repo}"],"subscriptions_url":["https://api.github.com/users/daluege/subscriptions"],"organizations_url":["https://api.github.com/users/daluege/orgs"],"repos_url":["https://api.github.com/users/daluege/repos"],"events_url":["https://api.github.com/users/daluege/events{/privacy}"],"received_events_url":["https://api.github.com/users/daluege/received_events"],"type":["User"],"site_admin":[false]}
