{"login":["gandalius"],"id":[4184324],"node_id":["MDQ6VXNlcjQxODQzMjQ="],"avatar_url":["https://avatars3.githubusercontent.com/u/4184324?v=4"],"gravatar_id":[""],"url":["https://api.github.com/users/gandalius"],"html_url":["https://github.com/gandalius"],"followers_url":["https://api.github.com/users/gandalius/followers"],"following_url":["https://api.github.com/users/gandalius/following{/other_user}"],"gists_url":["https://api.github.com/users/gandalius/gists{/gist_id}"],"starred_url":["https://api.github.com/users/gandalius/starred{/owner}{/repo}"],"subscriptions_url":["https://api.github.com/users/gandalius/subscriptions"],"organizations_url":["https://api.github.com/users/gandalius/orgs"],"repos_url":["https://api.github.com/users/gandalius/repos"],"events_url":["https://api.github.com/users/gandalius/events{/privacy}"],"received_events_url":["https://api.github.com/users/gandalius/received_events"],"type":["User"],"site_admin":[false]}
