{"login":["xcomx"],"id":[4563755],"node_id":["MDQ6VXNlcjQ1NjM3NTU="],"avatar_url":["https://avatars1.githubusercontent.com/u/4563755?v=4"],"gravatar_id":[""],"url":["https://api.github.com/users/xcomx"],"html_url":["https://github.com/xcomx"],"followers_url":["https://api.github.com/users/xcomx/followers"],"following_url":["https://api.github.com/users/xcomx/following{/other_user}"],"gists_url":["https://api.github.com/users/xcomx/gists{/gist_id}"],"starred_url":["https://api.github.com/users/xcomx/starred{/owner}{/repo}"],"subscriptions_url":["https://api.github.com/users/xcomx/subscriptions"],"organizations_url":["https://api.github.com/users/xcomx/orgs"],"repos_url":["https://api.github.com/users/xcomx/repos"],"events_url":["https://api.github.com/users/xcomx/events{/privacy}"],"received_events_url":["https://api.github.com/users/xcomx/received_events"],"type":["User"],"site_admin":[false]}
