{"login":["Czechh"],"id":[4779936],"node_id":["MDQ6VXNlcjQ3Nzk5MzY="],"avatar_url":["https://avatars3.githubusercontent.com/u/4779936?v=4"],"gravatar_id":[""],"url":["https://api.github.com/users/Czechh"],"html_url":["https://github.com/Czechh"],"followers_url":["https://api.github.com/users/Czechh/followers"],"following_url":["https://api.github.com/users/Czechh/following{/other_user}"],"gists_url":["https://api.github.com/users/Czechh/gists{/gist_id}"],"starred_url":["https://api.github.com/users/Czechh/starred{/owner}{/repo}"],"subscriptions_url":["https://api.github.com/users/Czechh/subscriptions"],"organizations_url":["https://api.github.com/users/Czechh/orgs"],"repos_url":["https://api.github.com/users/Czechh/repos"],"events_url":["https://api.github.com/users/Czechh/events{/privacy}"],"received_events_url":["https://api.github.com/users/Czechh/received_events"],"type":["User"],"site_admin":[false]}
