{"login":["FlorianBELLAZOUZ"],"id":[5245041],"node_id":["MDQ6VXNlcjUyNDUwNDE="],"avatar_url":["https://avatars2.githubusercontent.com/u/5245041?v=4"],"gravatar_id":[""],"url":["https://api.github.com/users/FlorianBELLAZOUZ"],"html_url":["https://github.com/FlorianBELLAZOUZ"],"followers_url":["https://api.github.com/users/FlorianBELLAZOUZ/followers"],"following_url":["https://api.github.com/users/FlorianBELLAZOUZ/following{/other_user}"],"gists_url":["https://api.github.com/users/FlorianBELLAZOUZ/gists{/gist_id}"],"starred_url":["https://api.github.com/users/FlorianBELLAZOUZ/starred{/owner}{/repo}"],"subscriptions_url":["https://api.github.com/users/FlorianBELLAZOUZ/subscriptions"],"organizations_url":["https://api.github.com/users/FlorianBELLAZOUZ/orgs"],"repos_url":["https://api.github.com/users/FlorianBELLAZOUZ/repos"],"events_url":["https://api.github.com/users/FlorianBELLAZOUZ/events{/privacy}"],"received_events_url":["https://api.github.com/users/FlorianBELLAZOUZ/received_events"],"type":["User"],"site_admin":[false]}
