{"login":["tabris87"],"id":[6746370],"node_id":["MDQ6VXNlcjY3NDYzNzA="],"avatar_url":["https://avatars3.githubusercontent.com/u/6746370?v=4"],"gravatar_id":[""],"url":["https://api.github.com/users/tabris87"],"html_url":["https://github.com/tabris87"],"followers_url":["https://api.github.com/users/tabris87/followers"],"following_url":["https://api.github.com/users/tabris87/following{/other_user}"],"gists_url":["https://api.github.com/users/tabris87/gists{/gist_id}"],"starred_url":["https://api.github.com/users/tabris87/starred{/owner}{/repo}"],"subscriptions_url":["https://api.github.com/users/tabris87/subscriptions"],"organizations_url":["https://api.github.com/users/tabris87/orgs"],"repos_url":["https://api.github.com/users/tabris87/repos"],"events_url":["https://api.github.com/users/tabris87/events{/privacy}"],"received_events_url":["https://api.github.com/users/tabris87/received_events"],"type":["User"],"site_admin":[false]}
