{"login":["geraldinas"],"id":[8899310],"node_id":["MDQ6VXNlcjg4OTkzMTA="],"avatar_url":["https://avatars2.githubusercontent.com/u/8899310?v=4"],"gravatar_id":[""],"url":["https://api.github.com/users/geraldinas"],"html_url":["https://github.com/geraldinas"],"followers_url":["https://api.github.com/users/geraldinas/followers"],"following_url":["https://api.github.com/users/geraldinas/following{/other_user}"],"gists_url":["https://api.github.com/users/geraldinas/gists{/gist_id}"],"starred_url":["https://api.github.com/users/geraldinas/starred{/owner}{/repo}"],"subscriptions_url":["https://api.github.com/users/geraldinas/subscriptions"],"organizations_url":["https://api.github.com/users/geraldinas/orgs"],"repos_url":["https://api.github.com/users/geraldinas/repos"],"events_url":["https://api.github.com/users/geraldinas/events{/privacy}"],"received_events_url":["https://api.github.com/users/geraldinas/received_events"],"type":["User"],"site_admin":[false]}
