{"login":["vapurrmaid"],"id":[11184711],"node_id":["MDQ6VXNlcjExMTg0NzEx"],"avatar_url":["https://avatars0.githubusercontent.com/u/11184711?v=4"],"gravatar_id":[""],"url":["https://api.github.com/users/vapurrmaid"],"html_url":["https://github.com/vapurrmaid"],"followers_url":["https://api.github.com/users/vapurrmaid/followers"],"following_url":["https://api.github.com/users/vapurrmaid/following{/other_user}"],"gists_url":["https://api.github.com/users/vapurrmaid/gists{/gist_id}"],"starred_url":["https://api.github.com/users/vapurrmaid/starred{/owner}{/repo}"],"subscriptions_url":["https://api.github.com/users/vapurrmaid/subscriptions"],"organizations_url":["https://api.github.com/users/vapurrmaid/orgs"],"repos_url":["https://api.github.com/users/vapurrmaid/repos"],"events_url":["https://api.github.com/users/vapurrmaid/events{/privacy}"],"received_events_url":["https://api.github.com/users/vapurrmaid/received_events"],"type":["User"],"site_admin":[false]}
