{"login":["swestmoreland"],"id":[14047],"node_id":["MDQ6VXNlcjE0MDQ3"],"avatar_url":["https://avatars1.githubusercontent.com/u/14047?v=4"],"gravatar_id":[""],"url":["https://api.github.com/users/swestmoreland"],"html_url":["https://github.com/swestmoreland"],"followers_url":["https://api.github.com/users/swestmoreland/followers"],"following_url":["https://api.github.com/users/swestmoreland/following{/other_user}"],"gists_url":["https://api.github.com/users/swestmoreland/gists{/gist_id}"],"starred_url":["https://api.github.com/users/swestmoreland/starred{/owner}{/repo}"],"subscriptions_url":["https://api.github.com/users/swestmoreland/subscriptions"],"organizations_url":["https://api.github.com/users/swestmoreland/orgs"],"repos_url":["https://api.github.com/users/swestmoreland/repos"],"events_url":["https://api.github.com/users/swestmoreland/events{/privacy}"],"received_events_url":["https://api.github.com/users/swestmoreland/received_events"],"type":["User"],"site_admin":[false]}
