{"login":["AlexxNica"],"id":[14338588],"node_id":["MDQ6VXNlcjE0MzM4NTg4"],"avatar_url":["https://avatars1.githubusercontent.com/u/14338588?v=4"],"gravatar_id":[""],"url":["https://api.github.com/users/AlexxNica"],"html_url":["https://github.com/AlexxNica"],"followers_url":["https://api.github.com/users/AlexxNica/followers"],"following_url":["https://api.github.com/users/AlexxNica/following{/other_user}"],"gists_url":["https://api.github.com/users/AlexxNica/gists{/gist_id}"],"starred_url":["https://api.github.com/users/AlexxNica/starred{/owner}{/repo}"],"subscriptions_url":["https://api.github.com/users/AlexxNica/subscriptions"],"organizations_url":["https://api.github.com/users/AlexxNica/orgs"],"repos_url":["https://api.github.com/users/AlexxNica/repos"],"events_url":["https://api.github.com/users/AlexxNica/events{/privacy}"],"received_events_url":["https://api.github.com/users/AlexxNica/received_events"],"type":["User"],"site_admin":[false]}
