{"login":["YasmineGhazal"],"id":[16446409],"node_id":["MDQ6VXNlcjE2NDQ2NDA5"],"avatar_url":["https://avatars3.githubusercontent.com/u/16446409?v=4"],"gravatar_id":[""],"url":["https://api.github.com/users/YasmineGhazal"],"html_url":["https://github.com/YasmineGhazal"],"followers_url":["https://api.github.com/users/YasmineGhazal/followers"],"following_url":["https://api.github.com/users/YasmineGhazal/following{/other_user}"],"gists_url":["https://api.github.com/users/YasmineGhazal/gists{/gist_id}"],"starred_url":["https://api.github.com/users/YasmineGhazal/starred{/owner}{/repo}"],"subscriptions_url":["https://api.github.com/users/YasmineGhazal/subscriptions"],"organizations_url":["https://api.github.com/users/YasmineGhazal/orgs"],"repos_url":["https://api.github.com/users/YasmineGhazal/repos"],"events_url":["https://api.github.com/users/YasmineGhazal/events{/privacy}"],"received_events_url":["https://api.github.com/users/YasmineGhazal/received_events"],"type":["User"],"site_admin":[false]}
