{"login":["Nicolab"],"id":[1688162],"node_id":["MDQ6VXNlcjE2ODgxNjI="],"avatar_url":["https://avatars0.githubusercontent.com/u/1688162?v=4"],"gravatar_id":[""],"url":["https://api.github.com/users/Nicolab"],"html_url":["https://github.com/Nicolab"],"followers_url":["https://api.github.com/users/Nicolab/followers"],"following_url":["https://api.github.com/users/Nicolab/following{/other_user}"],"gists_url":["https://api.github.com/users/Nicolab/gists{/gist_id}"],"starred_url":["https://api.github.com/users/Nicolab/starred{/owner}{/repo}"],"subscriptions_url":["https://api.github.com/users/Nicolab/subscriptions"],"organizations_url":["https://api.github.com/users/Nicolab/orgs"],"repos_url":["https://api.github.com/users/Nicolab/repos"],"events_url":["https://api.github.com/users/Nicolab/events{/privacy}"],"received_events_url":["https://api.github.com/users/Nicolab/received_events"],"type":["User"],"site_admin":[false]}
