{"login":["aweffr"],"id":[17469534],"node_id":["MDQ6VXNlcjE3NDY5NTM0"],"avatar_url":["https://avatars2.githubusercontent.com/u/17469534?v=4"],"gravatar_id":[""],"url":["https://api.github.com/users/aweffr"],"html_url":["https://github.com/aweffr"],"followers_url":["https://api.github.com/users/aweffr/followers"],"following_url":["https://api.github.com/users/aweffr/following{/other_user}"],"gists_url":["https://api.github.com/users/aweffr/gists{/gist_id}"],"starred_url":["https://api.github.com/users/aweffr/starred{/owner}{/repo}"],"subscriptions_url":["https://api.github.com/users/aweffr/subscriptions"],"organizations_url":["https://api.github.com/users/aweffr/orgs"],"repos_url":["https://api.github.com/users/aweffr/repos"],"events_url":["https://api.github.com/users/aweffr/events{/privacy}"],"received_events_url":["https://api.github.com/users/aweffr/received_events"],"type":["User"],"site_admin":[false]}
