{"login":["dhuf"],"id":[1814195],"node_id":["MDQ6VXNlcjE4MTQxOTU="],"avatar_url":["https://avatars2.githubusercontent.com/u/1814195?v=4"],"gravatar_id":[""],"url":["https://api.github.com/users/dhuf"],"html_url":["https://github.com/dhuf"],"followers_url":["https://api.github.com/users/dhuf/followers"],"following_url":["https://api.github.com/users/dhuf/following{/other_user}"],"gists_url":["https://api.github.com/users/dhuf/gists{/gist_id}"],"starred_url":["https://api.github.com/users/dhuf/starred{/owner}{/repo}"],"subscriptions_url":["https://api.github.com/users/dhuf/subscriptions"],"organizations_url":["https://api.github.com/users/dhuf/orgs"],"repos_url":["https://api.github.com/users/dhuf/repos"],"events_url":["https://api.github.com/users/dhuf/events{/privacy}"],"received_events_url":["https://api.github.com/users/dhuf/received_events"],"type":["User"],"site_admin":[false]}
