{"login":["jekrb"],"id":[2081699],"node_id":["MDQ6VXNlcjIwODE2OTk="],"avatar_url":["https://avatars3.githubusercontent.com/u/2081699?v=4"],"gravatar_id":[""],"url":["https://api.github.com/users/jekrb"],"html_url":["https://github.com/jekrb"],"followers_url":["https://api.github.com/users/jekrb/followers"],"following_url":["https://api.github.com/users/jekrb/following{/other_user}"],"gists_url":["https://api.github.com/users/jekrb/gists{/gist_id}"],"starred_url":["https://api.github.com/users/jekrb/starred{/owner}{/repo}"],"subscriptions_url":["https://api.github.com/users/jekrb/subscriptions"],"organizations_url":["https://api.github.com/users/jekrb/orgs"],"repos_url":["https://api.github.com/users/jekrb/repos"],"events_url":["https://api.github.com/users/jekrb/events{/privacy}"],"received_events_url":["https://api.github.com/users/jekrb/received_events"],"type":["User"],"site_admin":[false]}
