{"login":["mceachen"],"id":[216377],"node_id":["MDQ6VXNlcjIxNjM3Nw=="],"avatar_url":["https://avatars3.githubusercontent.com/u/216377?v=4"],"gravatar_id":[""],"url":["https://api.github.com/users/mceachen"],"html_url":["https://github.com/mceachen"],"followers_url":["https://api.github.com/users/mceachen/followers"],"following_url":["https://api.github.com/users/mceachen/following{/other_user}"],"gists_url":["https://api.github.com/users/mceachen/gists{/gist_id}"],"starred_url":["https://api.github.com/users/mceachen/starred{/owner}{/repo}"],"subscriptions_url":["https://api.github.com/users/mceachen/subscriptions"],"organizations_url":["https://api.github.com/users/mceachen/orgs"],"repos_url":["https://api.github.com/users/mceachen/repos"],"events_url":["https://api.github.com/users/mceachen/events{/privacy}"],"received_events_url":["https://api.github.com/users/mceachen/received_events"],"type":["User"],"site_admin":[false]}
