{"login":["bboydflo"],"id":[2241459],"node_id":["MDQ6VXNlcjIyNDE0NTk="],"avatar_url":["https://avatars0.githubusercontent.com/u/2241459?v=4"],"gravatar_id":[""],"url":["https://api.github.com/users/bboydflo"],"html_url":["https://github.com/bboydflo"],"followers_url":["https://api.github.com/users/bboydflo/followers"],"following_url":["https://api.github.com/users/bboydflo/following{/other_user}"],"gists_url":["https://api.github.com/users/bboydflo/gists{/gist_id}"],"starred_url":["https://api.github.com/users/bboydflo/starred{/owner}{/repo}"],"subscriptions_url":["https://api.github.com/users/bboydflo/subscriptions"],"organizations_url":["https://api.github.com/users/bboydflo/orgs"],"repos_url":["https://api.github.com/users/bboydflo/repos"],"events_url":["https://api.github.com/users/bboydflo/events{/privacy}"],"received_events_url":["https://api.github.com/users/bboydflo/received_events"],"type":["User"],"site_admin":[false]}
