{"login":["qqadssp"],"id":[22652568],"node_id":["MDQ6VXNlcjIyNjUyNTY4"],"avatar_url":["https://avatars0.githubusercontent.com/u/22652568?v=4"],"gravatar_id":[""],"url":["https://api.github.com/users/qqadssp"],"html_url":["https://github.com/qqadssp"],"followers_url":["https://api.github.com/users/qqadssp/followers"],"following_url":["https://api.github.com/users/qqadssp/following{/other_user}"],"gists_url":["https://api.github.com/users/qqadssp/gists{/gist_id}"],"starred_url":["https://api.github.com/users/qqadssp/starred{/owner}{/repo}"],"subscriptions_url":["https://api.github.com/users/qqadssp/subscriptions"],"organizations_url":["https://api.github.com/users/qqadssp/orgs"],"repos_url":["https://api.github.com/users/qqadssp/repos"],"events_url":["https://api.github.com/users/qqadssp/events{/privacy}"],"received_events_url":["https://api.github.com/users/qqadssp/received_events"],"type":["User"],"site_admin":[false]}
