{"login":["dmidjakov"],"id":[23171038],"node_id":["MDQ6VXNlcjIzMTcxMDM4"],"avatar_url":["https://avatars0.githubusercontent.com/u/23171038?v=4"],"gravatar_id":[""],"url":["https://api.github.com/users/dmidjakov"],"html_url":["https://github.com/dmidjakov"],"followers_url":["https://api.github.com/users/dmidjakov/followers"],"following_url":["https://api.github.com/users/dmidjakov/following{/other_user}"],"gists_url":["https://api.github.com/users/dmidjakov/gists{/gist_id}"],"starred_url":["https://api.github.com/users/dmidjakov/starred{/owner}{/repo}"],"subscriptions_url":["https://api.github.com/users/dmidjakov/subscriptions"],"organizations_url":["https://api.github.com/users/dmidjakov/orgs"],"repos_url":["https://api.github.com/users/dmidjakov/repos"],"events_url":["https://api.github.com/users/dmidjakov/events{/privacy}"],"received_events_url":["https://api.github.com/users/dmidjakov/received_events"],"type":["User"],"site_admin":[false]}
