{"login":["stegelast0"],"id":[24914447],"node_id":["MDQ6VXNlcjI0OTE0NDQ3"],"avatar_url":["https://avatars3.githubusercontent.com/u/24914447?v=4"],"gravatar_id":[""],"url":["https://api.github.com/users/stegelast0"],"html_url":["https://github.com/stegelast0"],"followers_url":["https://api.github.com/users/stegelast0/followers"],"following_url":["https://api.github.com/users/stegelast0/following{/other_user}"],"gists_url":["https://api.github.com/users/stegelast0/gists{/gist_id}"],"starred_url":["https://api.github.com/users/stegelast0/starred{/owner}{/repo}"],"subscriptions_url":["https://api.github.com/users/stegelast0/subscriptions"],"organizations_url":["https://api.github.com/users/stegelast0/orgs"],"repos_url":["https://api.github.com/users/stegelast0/repos"],"events_url":["https://api.github.com/users/stegelast0/events{/privacy}"],"received_events_url":["https://api.github.com/users/stegelast0/received_events"],"type":["User"],"site_admin":[false]}
