{"login":["veracus"],"id":[2644177],"node_id":["MDQ6VXNlcjI2NDQxNzc="],"avatar_url":["https://avatars3.githubusercontent.com/u/2644177?v=4"],"gravatar_id":[""],"url":["https://api.github.com/users/veracus"],"html_url":["https://github.com/veracus"],"followers_url":["https://api.github.com/users/veracus/followers"],"following_url":["https://api.github.com/users/veracus/following{/other_user}"],"gists_url":["https://api.github.com/users/veracus/gists{/gist_id}"],"starred_url":["https://api.github.com/users/veracus/starred{/owner}{/repo}"],"subscriptions_url":["https://api.github.com/users/veracus/subscriptions"],"organizations_url":["https://api.github.com/users/veracus/orgs"],"repos_url":["https://api.github.com/users/veracus/repos"],"events_url":["https://api.github.com/users/veracus/events{/privacy}"],"received_events_url":["https://api.github.com/users/veracus/received_events"],"type":["User"],"site_admin":[false]}
