{"login":["jtsmedley"],"id":[38006759],"node_id":["MDQ6VXNlcjM4MDA2NzU5"],"avatar_url":["https://avatars2.githubusercontent.com/u/38006759?v=4"],"gravatar_id":[""],"url":["https://api.github.com/users/jtsmedley"],"html_url":["https://github.com/jtsmedley"],"followers_url":["https://api.github.com/users/jtsmedley/followers"],"following_url":["https://api.github.com/users/jtsmedley/following{/other_user}"],"gists_url":["https://api.github.com/users/jtsmedley/gists{/gist_id}"],"starred_url":["https://api.github.com/users/jtsmedley/starred{/owner}{/repo}"],"subscriptions_url":["https://api.github.com/users/jtsmedley/subscriptions"],"organizations_url":["https://api.github.com/users/jtsmedley/orgs"],"repos_url":["https://api.github.com/users/jtsmedley/repos"],"events_url":["https://api.github.com/users/jtsmedley/events{/privacy}"],"received_events_url":["https://api.github.com/users/jtsmedley/received_events"],"type":["User"],"site_admin":[false]}
