{"login":["mrluanma"],"id":[3856],"node_id":["MDQ6VXNlcjM4NTY="],"avatar_url":["https://avatars2.githubusercontent.com/u/3856?v=4"],"gravatar_id":[""],"url":["https://api.github.com/users/mrluanma"],"html_url":["https://github.com/mrluanma"],"followers_url":["https://api.github.com/users/mrluanma/followers"],"following_url":["https://api.github.com/users/mrluanma/following{/other_user}"],"gists_url":["https://api.github.com/users/mrluanma/gists{/gist_id}"],"starred_url":["https://api.github.com/users/mrluanma/starred{/owner}{/repo}"],"subscriptions_url":["https://api.github.com/users/mrluanma/subscriptions"],"organizations_url":["https://api.github.com/users/mrluanma/orgs"],"repos_url":["https://api.github.com/users/mrluanma/repos"],"events_url":["https://api.github.com/users/mrluanma/events{/privacy}"],"received_events_url":["https://api.github.com/users/mrluanma/received_events"],"type":["User"],"site_admin":[false]}
