{"login":["velocityzen"],"id":[451068],"node_id":["MDQ6VXNlcjQ1MTA2OA=="],"avatar_url":["https://avatars0.githubusercontent.com/u/451068?v=4"],"gravatar_id":[""],"url":["https://api.github.com/users/velocityzen"],"html_url":["https://github.com/velocityzen"],"followers_url":["https://api.github.com/users/velocityzen/followers"],"following_url":["https://api.github.com/users/velocityzen/following{/other_user}"],"gists_url":["https://api.github.com/users/velocityzen/gists{/gist_id}"],"starred_url":["https://api.github.com/users/velocityzen/starred{/owner}{/repo}"],"subscriptions_url":["https://api.github.com/users/velocityzen/subscriptions"],"organizations_url":["https://api.github.com/users/velocityzen/orgs"],"repos_url":["https://api.github.com/users/velocityzen/repos"],"events_url":["https://api.github.com/users/velocityzen/events{/privacy}"],"received_events_url":["https://api.github.com/users/velocityzen/received_events"],"type":["User"],"site_admin":[false]}
