{"login":["johnelliott"],"id":[5633265],"node_id":["MDQ6VXNlcjU2MzMyNjU="],"avatar_url":["https://avatars0.githubusercontent.com/u/5633265?v=4"],"gravatar_id":[""],"url":["https://api.github.com/users/johnelliott"],"html_url":["https://github.com/johnelliott"],"followers_url":["https://api.github.com/users/johnelliott/followers"],"following_url":["https://api.github.com/users/johnelliott/following{/other_user}"],"gists_url":["https://api.github.com/users/johnelliott/gists{/gist_id}"],"starred_url":["https://api.github.com/users/johnelliott/starred{/owner}{/repo}"],"subscriptions_url":["https://api.github.com/users/johnelliott/subscriptions"],"organizations_url":["https://api.github.com/users/johnelliott/orgs"],"repos_url":["https://api.github.com/users/johnelliott/repos"],"events_url":["https://api.github.com/users/johnelliott/events{/privacy}"],"received_events_url":["https://api.github.com/users/johnelliott/received_events"],"type":["User"],"site_admin":[false]}
