{"login":["ceymard"],"id":[737441],"node_id":["MDQ6VXNlcjczNzQ0MQ=="],"avatar_url":["https://avatars3.githubusercontent.com/u/737441?v=4"],"gravatar_id":[""],"url":["https://api.github.com/users/ceymard"],"html_url":["https://github.com/ceymard"],"followers_url":["https://api.github.com/users/ceymard/followers"],"following_url":["https://api.github.com/users/ceymard/following{/other_user}"],"gists_url":["https://api.github.com/users/ceymard/gists{/gist_id}"],"starred_url":["https://api.github.com/users/ceymard/starred{/owner}{/repo}"],"subscriptions_url":["https://api.github.com/users/ceymard/subscriptions"],"organizations_url":["https://api.github.com/users/ceymard/orgs"],"repos_url":["https://api.github.com/users/ceymard/repos"],"events_url":["https://api.github.com/users/ceymard/events{/privacy}"],"received_events_url":["https://api.github.com/users/ceymard/received_events"],"type":["User"],"site_admin":[false]}
