{"login":["marco-fp"],"id":[7567786],"node_id":["MDQ6VXNlcjc1Njc3ODY="],"avatar_url":["https://avatars0.githubusercontent.com/u/7567786?v=4"],"gravatar_id":[""],"url":["https://api.github.com/users/marco-fp"],"html_url":["https://github.com/marco-fp"],"followers_url":["https://api.github.com/users/marco-fp/followers"],"following_url":["https://api.github.com/users/marco-fp/following{/other_user}"],"gists_url":["https://api.github.com/users/marco-fp/gists{/gist_id}"],"starred_url":["https://api.github.com/users/marco-fp/starred{/owner}{/repo}"],"subscriptions_url":["https://api.github.com/users/marco-fp/subscriptions"],"organizations_url":["https://api.github.com/users/marco-fp/orgs"],"repos_url":["https://api.github.com/users/marco-fp/repos"],"events_url":["https://api.github.com/users/marco-fp/events{/privacy}"],"received_events_url":["https://api.github.com/users/marco-fp/received_events"],"type":["User"],"site_admin":[false]}
