{"login":["pridemusvaire"],"id":[8037540],"node_id":["MDQ6VXNlcjgwMzc1NDA="],"avatar_url":["https://avatars3.githubusercontent.com/u/8037540?v=4"],"gravatar_id":[""],"url":["https://api.github.com/users/pridemusvaire"],"html_url":["https://github.com/pridemusvaire"],"followers_url":["https://api.github.com/users/pridemusvaire/followers"],"following_url":["https://api.github.com/users/pridemusvaire/following{/other_user}"],"gists_url":["https://api.github.com/users/pridemusvaire/gists{/gist_id}"],"starred_url":["https://api.github.com/users/pridemusvaire/starred{/owner}{/repo}"],"subscriptions_url":["https://api.github.com/users/pridemusvaire/subscriptions"],"organizations_url":["https://api.github.com/users/pridemusvaire/orgs"],"repos_url":["https://api.github.com/users/pridemusvaire/repos"],"events_url":["https://api.github.com/users/pridemusvaire/events{/privacy}"],"received_events_url":["https://api.github.com/users/pridemusvaire/received_events"],"type":["User"],"site_admin":[false]}
