{"login":["kurtsy"],"id":[8096924],"node_id":["MDQ6VXNlcjgwOTY5MjQ="],"avatar_url":["https://avatars2.githubusercontent.com/u/8096924?v=4"],"gravatar_id":[""],"url":["https://api.github.com/users/kurtsy"],"html_url":["https://github.com/kurtsy"],"followers_url":["https://api.github.com/users/kurtsy/followers"],"following_url":["https://api.github.com/users/kurtsy/following{/other_user}"],"gists_url":["https://api.github.com/users/kurtsy/gists{/gist_id}"],"starred_url":["https://api.github.com/users/kurtsy/starred{/owner}{/repo}"],"subscriptions_url":["https://api.github.com/users/kurtsy/subscriptions"],"organizations_url":["https://api.github.com/users/kurtsy/orgs"],"repos_url":["https://api.github.com/users/kurtsy/repos"],"events_url":["https://api.github.com/users/kurtsy/events{/privacy}"],"received_events_url":["https://api.github.com/users/kurtsy/received_events"],"type":["User"],"site_admin":[false]}
