{"login":["SherlockJun"],"id":[8188831],"node_id":["MDQ6VXNlcjgxODg4MzE="],"avatar_url":["https://avatars0.githubusercontent.com/u/8188831?v=4"],"gravatar_id":[""],"url":["https://api.github.com/users/SherlockJun"],"html_url":["https://github.com/SherlockJun"],"followers_url":["https://api.github.com/users/SherlockJun/followers"],"following_url":["https://api.github.com/users/SherlockJun/following{/other_user}"],"gists_url":["https://api.github.com/users/SherlockJun/gists{/gist_id}"],"starred_url":["https://api.github.com/users/SherlockJun/starred{/owner}{/repo}"],"subscriptions_url":["https://api.github.com/users/SherlockJun/subscriptions"],"organizations_url":["https://api.github.com/users/SherlockJun/orgs"],"repos_url":["https://api.github.com/users/SherlockJun/repos"],"events_url":["https://api.github.com/users/SherlockJun/events{/privacy}"],"received_events_url":["https://api.github.com/users/SherlockJun/received_events"],"type":["User"],"site_admin":[false]}
