{"login":["mvayngrib"],"id":[83948],"node_id":["MDQ6VXNlcjgzOTQ4"],"avatar_url":["https://avatars1.githubusercontent.com/u/83948?v=4"],"gravatar_id":[""],"url":["https://api.github.com/users/mvayngrib"],"html_url":["https://github.com/mvayngrib"],"followers_url":["https://api.github.com/users/mvayngrib/followers"],"following_url":["https://api.github.com/users/mvayngrib/following{/other_user}"],"gists_url":["https://api.github.com/users/mvayngrib/gists{/gist_id}"],"starred_url":["https://api.github.com/users/mvayngrib/starred{/owner}{/repo}"],"subscriptions_url":["https://api.github.com/users/mvayngrib/subscriptions"],"organizations_url":["https://api.github.com/users/mvayngrib/orgs"],"repos_url":["https://api.github.com/users/mvayngrib/repos"],"events_url":["https://api.github.com/users/mvayngrib/events{/privacy}"],"received_events_url":["https://api.github.com/users/mvayngrib/received_events"],"type":["User"],"site_admin":[false]}
