{"login":["jrodrigomg"],"id":[8761202],"node_id":["MDQ6VXNlcjg3NjEyMDI="],"avatar_url":["https://avatars2.githubusercontent.com/u/8761202?v=4"],"gravatar_id":[""],"url":["https://api.github.com/users/jrodrigomg"],"html_url":["https://github.com/jrodrigomg"],"followers_url":["https://api.github.com/users/jrodrigomg/followers"],"following_url":["https://api.github.com/users/jrodrigomg/following{/other_user}"],"gists_url":["https://api.github.com/users/jrodrigomg/gists{/gist_id}"],"starred_url":["https://api.github.com/users/jrodrigomg/starred{/owner}{/repo}"],"subscriptions_url":["https://api.github.com/users/jrodrigomg/subscriptions"],"organizations_url":["https://api.github.com/users/jrodrigomg/orgs"],"repos_url":["https://api.github.com/users/jrodrigomg/repos"],"events_url":["https://api.github.com/users/jrodrigomg/events{/privacy}"],"received_events_url":["https://api.github.com/users/jrodrigomg/received_events"],"type":["User"],"site_admin":[false]}
