{"login":["Jarmahent"],"id":[8854216],"node_id":["MDQ6VXNlcjg4NTQyMTY="],"avatar_url":["https://avatars3.githubusercontent.com/u/8854216?v=4"],"gravatar_id":[""],"url":["https://api.github.com/users/Jarmahent"],"html_url":["https://github.com/Jarmahent"],"followers_url":["https://api.github.com/users/Jarmahent/followers"],"following_url":["https://api.github.com/users/Jarmahent/following{/other_user}"],"gists_url":["https://api.github.com/users/Jarmahent/gists{/gist_id}"],"starred_url":["https://api.github.com/users/Jarmahent/starred{/owner}{/repo}"],"subscriptions_url":["https://api.github.com/users/Jarmahent/subscriptions"],"organizations_url":["https://api.github.com/users/Jarmahent/orgs"],"repos_url":["https://api.github.com/users/Jarmahent/repos"],"events_url":["https://api.github.com/users/Jarmahent/events{/privacy}"],"received_events_url":["https://api.github.com/users/Jarmahent/received_events"],"type":["User"],"site_admin":[false]}
