{"login":["tacyarg"],"id":[9097670],"node_id":["MDQ6VXNlcjkwOTc2NzA="],"avatar_url":["https://avatars2.githubusercontent.com/u/9097670?v=4"],"gravatar_id":[""],"url":["https://api.github.com/users/tacyarg"],"html_url":["https://github.com/tacyarg"],"followers_url":["https://api.github.com/users/tacyarg/followers"],"following_url":["https://api.github.com/users/tacyarg/following{/other_user}"],"gists_url":["https://api.github.com/users/tacyarg/gists{/gist_id}"],"starred_url":["https://api.github.com/users/tacyarg/starred{/owner}{/repo}"],"subscriptions_url":["https://api.github.com/users/tacyarg/subscriptions"],"organizations_url":["https://api.github.com/users/tacyarg/orgs"],"repos_url":["https://api.github.com/users/tacyarg/repos"],"events_url":["https://api.github.com/users/tacyarg/events{/privacy}"],"received_events_url":["https://api.github.com/users/tacyarg/received_events"],"type":["User"],"site_admin":[false]}
