{"id":[100774620],"node_id":["MDEwOlJlcG9zaXRvcnkxMDA3NzQ2MjA="],"name":["wise-promise"],"full_name":["JoshuaWise/wise-promise"],"private":[false],"owner":{"login":["JoshuaWise"],"id":[8255757],"node_id":["MDQ6VXNlcjgyNTU3NTc="],"avatar_url":["https://avatars1.githubusercontent.com/u/8255757?v=4"],"gravatar_id":[""],"url":["https://api.github.com/users/JoshuaWise"],"html_url":["https://github.com/JoshuaWise"],"followers_url":["https://api.github.com/users/JoshuaWise/followers"],"following_url":["https://api.github.com/users/JoshuaWise/following{/other_user}"],"gists_url":["https://api.github.com/users/JoshuaWise/gists{/gist_id}"],"starred_url":["https://api.github.com/users/JoshuaWise/starred{/owner}{/repo}"],"subscriptions_url":["https://api.github.com/users/JoshuaWise/subscriptions"],"organizations_url":["https://api.github.com/users/JoshuaWise/orgs"],"repos_url":["https://api.github.com/users/JoshuaWise/repos"],"events_url":["https://api.github.com/users/JoshuaWise/events{/privacy}"],"received_events_url":["https://api.github.com/users/JoshuaWise/received_events"],"type":["User"],"site_admin":[false]},"html_url":["https://github.com/JoshuaWise/wise-promise"],"description":["Native nodejs promises extended with powerful functionality."],"fork":[false],"url":["https://api.github.com/repos/JoshuaWise/wise-promise"],"forks_url":["https://api.github.com/repos/JoshuaWise/wise-promise/forks"],"keys_url":["https://api.github.com/repos/JoshuaWise/wise-promise/keys{/key_id}"],"collaborators_url":["https://api.github.com/repos/JoshuaWise/wise-promise/collaborators{/collaborator}"],"teams_url":["https://api.github.com/repos/JoshuaWise/wise-promise/teams"],"hooks_url":["https://api.github.com/repos/JoshuaWise/wise-promise/hooks"],"issue_events_url":["https://api.github.com/repos/JoshuaWise/wise-promise/issues/events{/number}"],"events_url":["https://api.github.com/repos/JoshuaWise/wise-promise/events"],"assignees_url":["https://api.github.com/repos/JoshuaWise/wise-promise/assignees{/user}"],"branches_url":["https://api.github.com/repos/JoshuaWise/wise-promise/branches{/branch}"],"tags_url":["https://api.github.com/repos/JoshuaWise/wise-promise/tags"],"blobs_url":["https://api.github.com/repos/JoshuaWise/wise-promise/git/blobs{/sha}"],"git_tags_url":["https://api.github.com/repos/JoshuaWise/wise-promise/git/tags{/sha}"],"git_refs_url":["https://api.github.com/repos/JoshuaWise/wise-promise/git/refs{/sha}"],"trees_url":["https://api.github.com/repos/JoshuaWise/wise-promise/git/trees{/sha}"],"statuses_url":["https://api.github.com/repos/JoshuaWise/wise-promise/statuses/{sha}"],"languages_url":["https://api.github.com/repos/JoshuaWise/wise-promise/languages"],"stargazers_url":["https://api.github.com/repos/JoshuaWise/wise-promise/stargazers"],"contributors_url":["https://api.github.com/repos/JoshuaWise/wise-promise/contributors"],"subscribers_url":["https://api.github.com/repos/JoshuaWise/wise-promise/subscribers"],"subscription_url":["https://api.github.com/repos/JoshuaWise/wise-promise/subscription"],"commits_url":["https://api.github.com/repos/JoshuaWise/wise-promise/commits{/sha}"],"git_commits_url":["https://api.github.com/repos/JoshuaWise/wise-promise/git/commits{/sha}"],"comments_url":["https://api.github.com/repos/JoshuaWise/wise-promise/comments{/number}"],"issue_comment_url":["https://api.github.com/repos/JoshuaWise/wise-promise/issues/comments{/number}"],"contents_url":["https://api.github.com/repos/JoshuaWise/wise-promise/contents/{+path}"],"compare_url":["https://api.github.com/repos/JoshuaWise/wise-promise/compare/{base}...{head}"],"merges_url":["https://api.github.com/repos/JoshuaWise/wise-promise/merges"],"archive_url":["https://api.github.com/repos/JoshuaWise/wise-promise/{archive_format}{/ref}"],"downloads_url":["https://api.github.com/repos/JoshuaWise/wise-promise/downloads"],"issues_url":["https://api.github.com/repos/JoshuaWise/wise-promise/issues{/number}"],"pulls_url":["https://api.github.com/repos/JoshuaWise/wise-promise/pulls{/number}"],"milestones_url":["https://api.github.com/repos/JoshuaWise/wise-promise/milestones{/number}"],"notifications_url":["https://api.github.com/repos/JoshuaWise/wise-promise/notifications{?since,all,participating}"],"labels_url":["https://api.github.com/repos/JoshuaWise/wise-promise/labels{/name}"],"releases_url":["https://api.github.com/repos/JoshuaWise/wise-promise/releases{/id}"],"deployments_url":["https://api.github.com/repos/JoshuaWise/wise-promise/deployments"],"created_at":["2017-08-19T06:17:55Z"],"updated_at":["2018-11-26T14:51:17Z"],"pushed_at":["2018-06-27T00:52:22Z"],"git_url":["git://github.com/JoshuaWise/wise-promise.git"],"ssh_url":["git@github.com:JoshuaWise/wise-promise.git"],"clone_url":["https://github.com/JoshuaWise/wise-promise.git"],"svn_url":["https://github.com/JoshuaWise/wise-promise"],"homepage":{},"size":[85],"stargazers_count":[4],"watchers_count":[4],"language":["JavaScript"],"has_issues":[true],"has_projects":[true],"has_downloads":[true],"has_wiki":[true],"has_pages":[false],"forks_count":[0],"mirror_url":{},"archived":[false],"open_issues_count":[0],"license":{"key":["mit"],"name":["MIT License"],"spdx_id":["MIT"],"url":["https://api.github.com/licenses/mit"],"node_id":["MDc6TGljZW5zZTEz"]},"forks":[0],"open_issues":[0],"watchers":[4],"default_branch":["master"],"permissions":{"admin":[false],"push":[false],"pull":[true]}}
