{"id":[100773475],"node_id":["MDEwOlJlcG9zaXRvcnkxMDA3NzM0NzU="],"name":["wise-river"],"full_name":["JoshuaWise/wise-river"],"private":[false],"owner":{"login":["JoshuaWise"],"id":[8255757],"node_id":["MDQ6VXNlcjgyNTU3NTc="],"avatar_url":["https://avatars1.githubusercontent.com/u/8255757?v=4"],"gravatar_id":[""],"url":["https://api.github.com/users/JoshuaWise"],"html_url":["https://github.com/JoshuaWise"],"followers_url":["https://api.github.com/users/JoshuaWise/followers"],"following_url":["https://api.github.com/users/JoshuaWise/following{/other_user}"],"gists_url":["https://api.github.com/users/JoshuaWise/gists{/gist_id}"],"starred_url":["https://api.github.com/users/JoshuaWise/starred{/owner}{/repo}"],"subscriptions_url":["https://api.github.com/users/JoshuaWise/subscriptions"],"organizations_url":["https://api.github.com/users/JoshuaWise/orgs"],"repos_url":["https://api.github.com/users/JoshuaWise/repos"],"events_url":["https://api.github.com/users/JoshuaWise/events{/privacy}"],"received_events_url":["https://api.github.com/users/JoshuaWise/received_events"],"type":["User"],"site_admin":[false]},"html_url":["https://github.com/JoshuaWise/wise-river"],"description":["Object streaming the way it should be."],"fork":[false],"url":["https://api.github.com/repos/JoshuaWise/wise-river"],"forks_url":["https://api.github.com/repos/JoshuaWise/wise-river/forks"],"keys_url":["https://api.github.com/repos/JoshuaWise/wise-river/keys{/key_id}"],"collaborators_url":["https://api.github.com/repos/JoshuaWise/wise-river/collaborators{/collaborator}"],"teams_url":["https://api.github.com/repos/JoshuaWise/wise-river/teams"],"hooks_url":["https://api.github.com/repos/JoshuaWise/wise-river/hooks"],"issue_events_url":["https://api.github.com/repos/JoshuaWise/wise-river/issues/events{/number}"],"events_url":["https://api.github.com/repos/JoshuaWise/wise-river/events"],"assignees_url":["https://api.github.com/repos/JoshuaWise/wise-river/assignees{/user}"],"branches_url":["https://api.github.com/repos/JoshuaWise/wise-river/branches{/branch}"],"tags_url":["https://api.github.com/repos/JoshuaWise/wise-river/tags"],"blobs_url":["https://api.github.com/repos/JoshuaWise/wise-river/git/blobs{/sha}"],"git_tags_url":["https://api.github.com/repos/JoshuaWise/wise-river/git/tags{/sha}"],"git_refs_url":["https://api.github.com/repos/JoshuaWise/wise-river/git/refs{/sha}"],"trees_url":["https://api.github.com/repos/JoshuaWise/wise-river/git/trees{/sha}"],"statuses_url":["https://api.github.com/repos/JoshuaWise/wise-river/statuses/{sha}"],"languages_url":["https://api.github.com/repos/JoshuaWise/wise-river/languages"],"stargazers_url":["https://api.github.com/repos/JoshuaWise/wise-river/stargazers"],"contributors_url":["https://api.github.com/repos/JoshuaWise/wise-river/contributors"],"subscribers_url":["https://api.github.com/repos/JoshuaWise/wise-river/subscribers"],"subscription_url":["https://api.github.com/repos/JoshuaWise/wise-river/subscription"],"commits_url":["https://api.github.com/repos/JoshuaWise/wise-river/commits{/sha}"],"git_commits_url":["https://api.github.com/repos/JoshuaWise/wise-river/git/commits{/sha}"],"comments_url":["https://api.github.com/repos/JoshuaWise/wise-river/comments{/number}"],"issue_comment_url":["https://api.github.com/repos/JoshuaWise/wise-river/issues/comments{/number}"],"contents_url":["https://api.github.com/repos/JoshuaWise/wise-river/contents/{+path}"],"compare_url":["https://api.github.com/repos/JoshuaWise/wise-river/compare/{base}...{head}"],"merges_url":["https://api.github.com/repos/JoshuaWise/wise-river/merges"],"archive_url":["https://api.github.com/repos/JoshuaWise/wise-river/{archive_format}{/ref}"],"downloads_url":["https://api.github.com/repos/JoshuaWise/wise-river/downloads"],"issues_url":["https://api.github.com/repos/JoshuaWise/wise-river/issues{/number}"],"pulls_url":["https://api.github.com/repos/JoshuaWise/wise-river/pulls{/number}"],"milestones_url":["https://api.github.com/repos/JoshuaWise/wise-river/milestones{/number}"],"notifications_url":["https://api.github.com/repos/JoshuaWise/wise-river/notifications{?since,all,participating}"],"labels_url":["https://api.github.com/repos/JoshuaWise/wise-river/labels{/name}"],"releases_url":["https://api.github.com/repos/JoshuaWise/wise-river/releases{/id}"],"deployments_url":["https://api.github.com/repos/JoshuaWise/wise-river/deployments"],"created_at":["2017-08-19T05:53:43Z"],"updated_at":["2018-10-27T20:42:22Z"],"pushed_at":["2018-08-09T16:33:46Z"],"git_url":["git://github.com/JoshuaWise/wise-river.git"],"ssh_url":["git@github.com:JoshuaWise/wise-river.git"],"clone_url":["https://github.com/JoshuaWise/wise-river.git"],"svn_url":["https://github.com/JoshuaWise/wise-river"],"homepage":{},"size":[174],"stargazers_count":[16],"watchers_count":[16],"language":["JavaScript"],"has_issues":[true],"has_projects":[true],"has_downloads":[true],"has_wiki":[true],"has_pages":[false],"forks_count":[1],"mirror_url":{},"archived":[false],"open_issues_count":[0],"license":{"key":["mit"],"name":["MIT License"],"spdx_id":["MIT"],"url":["https://api.github.com/licenses/mit"],"node_id":["MDc6TGljZW5zZTEz"]},"forks":[1],"open_issues":[0],"watchers":[16],"default_branch":["master"],"permissions":{"admin":[false],"push":[false],"pull":[true]}}
