{"id":[100912674],"node_id":["MDEwOlJlcG9zaXRvcnkxMDA5MTI2NzQ="],"name":["wise-inspection"],"full_name":["JoshuaWise/wise-inspection"],"private":[false],"owner":{"login":["JoshuaWise"],"id":[8255757],"node_id":["MDQ6VXNlcjgyNTU3NTc="],"avatar_url":["https://avatars1.githubusercontent.com/u/8255757?v=4"],"gravatar_id":[""],"url":["https://api.github.com/users/JoshuaWise"],"html_url":["https://github.com/JoshuaWise"],"followers_url":["https://api.github.com/users/JoshuaWise/followers"],"following_url":["https://api.github.com/users/JoshuaWise/following{/other_user}"],"gists_url":["https://api.github.com/users/JoshuaWise/gists{/gist_id}"],"starred_url":["https://api.github.com/users/JoshuaWise/starred{/owner}{/repo}"],"subscriptions_url":["https://api.github.com/users/JoshuaWise/subscriptions"],"organizations_url":["https://api.github.com/users/JoshuaWise/orgs"],"repos_url":["https://api.github.com/users/JoshuaWise/repos"],"events_url":["https://api.github.com/users/JoshuaWise/events{/privacy}"],"received_events_url":["https://api.github.com/users/JoshuaWise/received_events"],"type":["User"],"site_admin":[false]},"html_url":["https://github.com/JoshuaWise/wise-inspection"],"description":["Synchronous inspection for native promises."],"fork":[false],"url":["https://api.github.com/repos/JoshuaWise/wise-inspection"],"forks_url":["https://api.github.com/repos/JoshuaWise/wise-inspection/forks"],"keys_url":["https://api.github.com/repos/JoshuaWise/wise-inspection/keys{/key_id}"],"collaborators_url":["https://api.github.com/repos/JoshuaWise/wise-inspection/collaborators{/collaborator}"],"teams_url":["https://api.github.com/repos/JoshuaWise/wise-inspection/teams"],"hooks_url":["https://api.github.com/repos/JoshuaWise/wise-inspection/hooks"],"issue_events_url":["https://api.github.com/repos/JoshuaWise/wise-inspection/issues/events{/number}"],"events_url":["https://api.github.com/repos/JoshuaWise/wise-inspection/events"],"assignees_url":["https://api.github.com/repos/JoshuaWise/wise-inspection/assignees{/user}"],"branches_url":["https://api.github.com/repos/JoshuaWise/wise-inspection/branches{/branch}"],"tags_url":["https://api.github.com/repos/JoshuaWise/wise-inspection/tags"],"blobs_url":["https://api.github.com/repos/JoshuaWise/wise-inspection/git/blobs{/sha}"],"git_tags_url":["https://api.github.com/repos/JoshuaWise/wise-inspection/git/tags{/sha}"],"git_refs_url":["https://api.github.com/repos/JoshuaWise/wise-inspection/git/refs{/sha}"],"trees_url":["https://api.github.com/repos/JoshuaWise/wise-inspection/git/trees{/sha}"],"statuses_url":["https://api.github.com/repos/JoshuaWise/wise-inspection/statuses/{sha}"],"languages_url":["https://api.github.com/repos/JoshuaWise/wise-inspection/languages"],"stargazers_url":["https://api.github.com/repos/JoshuaWise/wise-inspection/stargazers"],"contributors_url":["https://api.github.com/repos/JoshuaWise/wise-inspection/contributors"],"subscribers_url":["https://api.github.com/repos/JoshuaWise/wise-inspection/subscribers"],"subscription_url":["https://api.github.com/repos/JoshuaWise/wise-inspection/subscription"],"commits_url":["https://api.github.com/repos/JoshuaWise/wise-inspection/commits{/sha}"],"git_commits_url":["https://api.github.com/repos/JoshuaWise/wise-inspection/git/commits{/sha}"],"comments_url":["https://api.github.com/repos/JoshuaWise/wise-inspection/comments{/number}"],"issue_comment_url":["https://api.github.com/repos/JoshuaWise/wise-inspection/issues/comments{/number}"],"contents_url":["https://api.github.com/repos/JoshuaWise/wise-inspection/contents/{+path}"],"compare_url":["https://api.github.com/repos/JoshuaWise/wise-inspection/compare/{base}...{head}"],"merges_url":["https://api.github.com/repos/JoshuaWise/wise-inspection/merges"],"archive_url":["https://api.github.com/repos/JoshuaWise/wise-inspection/{archive_format}{/ref}"],"downloads_url":["https://api.github.com/repos/JoshuaWise/wise-inspection/downloads"],"issues_url":["https://api.github.com/repos/JoshuaWise/wise-inspection/issues{/number}"],"pulls_url":["https://api.github.com/repos/JoshuaWise/wise-inspection/pulls{/number}"],"milestones_url":["https://api.github.com/repos/JoshuaWise/wise-inspection/milestones{/number}"],"notifications_url":["https://api.github.com/repos/JoshuaWise/wise-inspection/notifications{?since,all,participating}"],"labels_url":["https://api.github.com/repos/JoshuaWise/wise-inspection/labels{/name}"],"releases_url":["https://api.github.com/repos/JoshuaWise/wise-inspection/releases{/id}"],"deployments_url":["https://api.github.com/repos/JoshuaWise/wise-inspection/deployments"],"created_at":["2017-08-21T04:33:31Z"],"updated_at":["2018-10-29T15:09:48Z"],"pushed_at":["2017-08-21T05:23:05Z"],"git_url":["git://github.com/JoshuaWise/wise-inspection.git"],"ssh_url":["git@github.com:JoshuaWise/wise-inspection.git"],"clone_url":["https://github.com/JoshuaWise/wise-inspection.git"],"svn_url":["https://github.com/JoshuaWise/wise-inspection"],"homepage":{},"size":[16],"stargazers_count":[3],"watchers_count":[3],"language":["JavaScript"],"has_issues":[true],"has_projects":[true],"has_downloads":[true],"has_wiki":[true],"has_pages":[false],"forks_count":[0],"mirror_url":{},"archived":[false],"open_issues_count":[1],"license":{"key":["mit"],"name":["MIT License"],"spdx_id":["MIT"],"url":["https://api.github.com/licenses/mit"],"node_id":["MDc6TGljZW5zZTEz"]},"forks":[0],"open_issues":[1],"watchers":[3],"default_branch":["master"],"permissions":{"admin":[false],"push":[false],"pull":[true]}}
