{"id":[117877204],"node_id":["MDEwOlJlcG9zaXRvcnkxMTc4NzcyMDQ="],"name":["vapr"],"full_name":["JoshuaWise/vapr"],"private":[false],"owner":{"login":["JoshuaWise"],"id":[8255757],"node_id":["MDQ6VXNlcjgyNTU3NTc="],"avatar_url":["https://avatars1.githubusercontent.com/u/8255757?v=4"],"gravatar_id":[""],"url":["https://api.github.com/users/JoshuaWise"],"html_url":["https://github.com/JoshuaWise"],"followers_url":["https://api.github.com/users/JoshuaWise/followers"],"following_url":["https://api.github.com/users/JoshuaWise/following{/other_user}"],"gists_url":["https://api.github.com/users/JoshuaWise/gists{/gist_id}"],"starred_url":["https://api.github.com/users/JoshuaWise/starred{/owner}{/repo}"],"subscriptions_url":["https://api.github.com/users/JoshuaWise/subscriptions"],"organizations_url":["https://api.github.com/users/JoshuaWise/orgs"],"repos_url":["https://api.github.com/users/JoshuaWise/repos"],"events_url":["https://api.github.com/users/JoshuaWise/events{/privacy}"],"received_events_url":["https://api.github.com/users/JoshuaWise/received_events"],"type":["User"],"site_admin":[false]},"html_url":["https://github.com/JoshuaWise/vapr"],"description":["A framework for writing expressive, functional-style apps 🌹"],"fork":[false],"url":["https://api.github.com/repos/JoshuaWise/vapr"],"forks_url":["https://api.github.com/repos/JoshuaWise/vapr/forks"],"keys_url":["https://api.github.com/repos/JoshuaWise/vapr/keys{/key_id}"],"collaborators_url":["https://api.github.com/repos/JoshuaWise/vapr/collaborators{/collaborator}"],"teams_url":["https://api.github.com/repos/JoshuaWise/vapr/teams"],"hooks_url":["https://api.github.com/repos/JoshuaWise/vapr/hooks"],"issue_events_url":["https://api.github.com/repos/JoshuaWise/vapr/issues/events{/number}"],"events_url":["https://api.github.com/repos/JoshuaWise/vapr/events"],"assignees_url":["https://api.github.com/repos/JoshuaWise/vapr/assignees{/user}"],"branches_url":["https://api.github.com/repos/JoshuaWise/vapr/branches{/branch}"],"tags_url":["https://api.github.com/repos/JoshuaWise/vapr/tags"],"blobs_url":["https://api.github.com/repos/JoshuaWise/vapr/git/blobs{/sha}"],"git_tags_url":["https://api.github.com/repos/JoshuaWise/vapr/git/tags{/sha}"],"git_refs_url":["https://api.github.com/repos/JoshuaWise/vapr/git/refs{/sha}"],"trees_url":["https://api.github.com/repos/JoshuaWise/vapr/git/trees{/sha}"],"statuses_url":["https://api.github.com/repos/JoshuaWise/vapr/statuses/{sha}"],"languages_url":["https://api.github.com/repos/JoshuaWise/vapr/languages"],"stargazers_url":["https://api.github.com/repos/JoshuaWise/vapr/stargazers"],"contributors_url":["https://api.github.com/repos/JoshuaWise/vapr/contributors"],"subscribers_url":["https://api.github.com/repos/JoshuaWise/vapr/subscribers"],"subscription_url":["https://api.github.com/repos/JoshuaWise/vapr/subscription"],"commits_url":["https://api.github.com/repos/JoshuaWise/vapr/commits{/sha}"],"git_commits_url":["https://api.github.com/repos/JoshuaWise/vapr/git/commits{/sha}"],"comments_url":["https://api.github.com/repos/JoshuaWise/vapr/comments{/number}"],"issue_comment_url":["https://api.github.com/repos/JoshuaWise/vapr/issues/comments{/number}"],"contents_url":["https://api.github.com/repos/JoshuaWise/vapr/contents/{+path}"],"compare_url":["https://api.github.com/repos/JoshuaWise/vapr/compare/{base}...{head}"],"merges_url":["https://api.github.com/repos/JoshuaWise/vapr/merges"],"archive_url":["https://api.github.com/repos/JoshuaWise/vapr/{archive_format}{/ref}"],"downloads_url":["https://api.github.com/repos/JoshuaWise/vapr/downloads"],"issues_url":["https://api.github.com/repos/JoshuaWise/vapr/issues{/number}"],"pulls_url":["https://api.github.com/repos/JoshuaWise/vapr/pulls{/number}"],"milestones_url":["https://api.github.com/repos/JoshuaWise/vapr/milestones{/number}"],"notifications_url":["https://api.github.com/repos/JoshuaWise/vapr/notifications{?since,all,participating}"],"labels_url":["https://api.github.com/repos/JoshuaWise/vapr/labels{/name}"],"releases_url":["https://api.github.com/repos/JoshuaWise/vapr/releases{/id}"],"deployments_url":["https://api.github.com/repos/JoshuaWise/vapr/deployments"],"created_at":["2018-01-17T18:41:03Z"],"updated_at":["2019-01-09T18:56:46Z"],"pushed_at":["2019-01-09T18:56:44Z"],"git_url":["git://github.com/JoshuaWise/vapr.git"],"ssh_url":["git@github.com:JoshuaWise/vapr.git"],"clone_url":["https://github.com/JoshuaWise/vapr.git"],"svn_url":["https://github.com/JoshuaWise/vapr"],"homepage":[""],"size":[278],"stargazers_count":[5],"watchers_count":[5],"language":["JavaScript"],"has_issues":[true],"has_projects":[true],"has_downloads":[true],"has_wiki":[true],"has_pages":[false],"forks_count":[0],"mirror_url":{},"archived":[false],"open_issues_count":[0],"license":{"key":["mit"],"name":["MIT License"],"spdx_id":["MIT"],"url":["https://api.github.com/licenses/mit"],"node_id":["MDc6TGljZW5zZTEz"]},"forks":[0],"open_issues":[0],"watchers":[5],"default_branch":["master"],"permissions":{"admin":[false],"push":[false],"pull":[true]}}
