{"id":[119466619],"node_id":["MDEwOlJlcG9zaXRvcnkxMTk0NjY2MTk="],"name":["request-target"],"full_name":["JoshuaWise/request-target"],"private":[false],"owner":{"login":["JoshuaWise"],"id":[8255757],"node_id":["MDQ6VXNlcjgyNTU3NTc="],"avatar_url":["https://avatars1.githubusercontent.com/u/8255757?v=4"],"gravatar_id":[""],"url":["https://api.github.com/users/JoshuaWise"],"html_url":["https://github.com/JoshuaWise"],"followers_url":["https://api.github.com/users/JoshuaWise/followers"],"following_url":["https://api.github.com/users/JoshuaWise/following{/other_user}"],"gists_url":["https://api.github.com/users/JoshuaWise/gists{/gist_id}"],"starred_url":["https://api.github.com/users/JoshuaWise/starred{/owner}{/repo}"],"subscriptions_url":["https://api.github.com/users/JoshuaWise/subscriptions"],"organizations_url":["https://api.github.com/users/JoshuaWise/orgs"],"repos_url":["https://api.github.com/users/JoshuaWise/repos"],"events_url":["https://api.github.com/users/JoshuaWise/events{/privacy}"],"received_events_url":["https://api.github.com/users/JoshuaWise/received_events"],"type":["User"],"site_admin":[false]},"html_url":["https://github.com/JoshuaWise/request-target"],"description":["A url parser for http requests, compliant with RFC 7230"],"fork":[false],"url":["https://api.github.com/repos/JoshuaWise/request-target"],"forks_url":["https://api.github.com/repos/JoshuaWise/request-target/forks"],"keys_url":["https://api.github.com/repos/JoshuaWise/request-target/keys{/key_id}"],"collaborators_url":["https://api.github.com/repos/JoshuaWise/request-target/collaborators{/collaborator}"],"teams_url":["https://api.github.com/repos/JoshuaWise/request-target/teams"],"hooks_url":["https://api.github.com/repos/JoshuaWise/request-target/hooks"],"issue_events_url":["https://api.github.com/repos/JoshuaWise/request-target/issues/events{/number}"],"events_url":["https://api.github.com/repos/JoshuaWise/request-target/events"],"assignees_url":["https://api.github.com/repos/JoshuaWise/request-target/assignees{/user}"],"branches_url":["https://api.github.com/repos/JoshuaWise/request-target/branches{/branch}"],"tags_url":["https://api.github.com/repos/JoshuaWise/request-target/tags"],"blobs_url":["https://api.github.com/repos/JoshuaWise/request-target/git/blobs{/sha}"],"git_tags_url":["https://api.github.com/repos/JoshuaWise/request-target/git/tags{/sha}"],"git_refs_url":["https://api.github.com/repos/JoshuaWise/request-target/git/refs{/sha}"],"trees_url":["https://api.github.com/repos/JoshuaWise/request-target/git/trees{/sha}"],"statuses_url":["https://api.github.com/repos/JoshuaWise/request-target/statuses/{sha}"],"languages_url":["https://api.github.com/repos/JoshuaWise/request-target/languages"],"stargazers_url":["https://api.github.com/repos/JoshuaWise/request-target/stargazers"],"contributors_url":["https://api.github.com/repos/JoshuaWise/request-target/contributors"],"subscribers_url":["https://api.github.com/repos/JoshuaWise/request-target/subscribers"],"subscription_url":["https://api.github.com/repos/JoshuaWise/request-target/subscription"],"commits_url":["https://api.github.com/repos/JoshuaWise/request-target/commits{/sha}"],"git_commits_url":["https://api.github.com/repos/JoshuaWise/request-target/git/commits{/sha}"],"comments_url":["https://api.github.com/repos/JoshuaWise/request-target/comments{/number}"],"issue_comment_url":["https://api.github.com/repos/JoshuaWise/request-target/issues/comments{/number}"],"contents_url":["https://api.github.com/repos/JoshuaWise/request-target/contents/{+path}"],"compare_url":["https://api.github.com/repos/JoshuaWise/request-target/compare/{base}...{head}"],"merges_url":["https://api.github.com/repos/JoshuaWise/request-target/merges"],"archive_url":["https://api.github.com/repos/JoshuaWise/request-target/{archive_format}{/ref}"],"downloads_url":["https://api.github.com/repos/JoshuaWise/request-target/downloads"],"issues_url":["https://api.github.com/repos/JoshuaWise/request-target/issues{/number}"],"pulls_url":["https://api.github.com/repos/JoshuaWise/request-target/pulls{/number}"],"milestones_url":["https://api.github.com/repos/JoshuaWise/request-target/milestones{/number}"],"notifications_url":["https://api.github.com/repos/JoshuaWise/request-target/notifications{?since,all,participating}"],"labels_url":["https://api.github.com/repos/JoshuaWise/request-target/labels{/name}"],"releases_url":["https://api.github.com/repos/JoshuaWise/request-target/releases{/id}"],"deployments_url":["https://api.github.com/repos/JoshuaWise/request-target/deployments"],"created_at":["2018-01-30T01:46:38Z"],"updated_at":["2019-01-15T21:31:54Z"],"pushed_at":["2019-01-09T18:54:15Z"],"git_url":["git://github.com/JoshuaWise/request-target.git"],"ssh_url":["git@github.com:JoshuaWise/request-target.git"],"clone_url":["https://github.com/JoshuaWise/request-target.git"],"svn_url":["https://github.com/JoshuaWise/request-target"],"homepage":{},"size":[36],"stargazers_count":[3],"watchers_count":[3],"language":["JavaScript"],"has_issues":[true],"has_projects":[true],"has_downloads":[true],"has_wiki":[true],"has_pages":[false],"forks_count":[0],"mirror_url":{},"archived":[false],"open_issues_count":[0],"license":{"key":["mit"],"name":["MIT License"],"spdx_id":["MIT"],"url":["https://api.github.com/licenses/mit"],"node_id":["MDc6TGljZW5zZTEz"]},"forks":[0],"open_issues":[0],"watchers":[3],"default_branch":["master"],"permissions":{"admin":[false],"push":[false],"pull":[true]}}
