{"id":[119559113],"node_id":["MDEwOlJlcG9zaXRvcnkxMTk1NTkxMTM="],"name":["nodemark"],"full_name":["JoshuaWise/nodemark"],"private":[false],"owner":{"login":["JoshuaWise"],"id":[8255757],"node_id":["MDQ6VXNlcjgyNTU3NTc="],"avatar_url":["https://avatars1.githubusercontent.com/u/8255757?v=4"],"gravatar_id":[""],"url":["https://api.github.com/users/JoshuaWise"],"html_url":["https://github.com/JoshuaWise"],"followers_url":["https://api.github.com/users/JoshuaWise/followers"],"following_url":["https://api.github.com/users/JoshuaWise/following{/other_user}"],"gists_url":["https://api.github.com/users/JoshuaWise/gists{/gist_id}"],"starred_url":["https://api.github.com/users/JoshuaWise/starred{/owner}{/repo}"],"subscriptions_url":["https://api.github.com/users/JoshuaWise/subscriptions"],"organizations_url":["https://api.github.com/users/JoshuaWise/orgs"],"repos_url":["https://api.github.com/users/JoshuaWise/repos"],"events_url":["https://api.github.com/users/JoshuaWise/events{/privacy}"],"received_events_url":["https://api.github.com/users/JoshuaWise/received_events"],"type":["User"],"site_admin":[false]},"html_url":["https://github.com/JoshuaWise/nodemark"],"description":["A modern benchmarking library for Node.js"],"fork":[false],"url":["https://api.github.com/repos/JoshuaWise/nodemark"],"forks_url":["https://api.github.com/repos/JoshuaWise/nodemark/forks"],"keys_url":["https://api.github.com/repos/JoshuaWise/nodemark/keys{/key_id}"],"collaborators_url":["https://api.github.com/repos/JoshuaWise/nodemark/collaborators{/collaborator}"],"teams_url":["https://api.github.com/repos/JoshuaWise/nodemark/teams"],"hooks_url":["https://api.github.com/repos/JoshuaWise/nodemark/hooks"],"issue_events_url":["https://api.github.com/repos/JoshuaWise/nodemark/issues/events{/number}"],"events_url":["https://api.github.com/repos/JoshuaWise/nodemark/events"],"assignees_url":["https://api.github.com/repos/JoshuaWise/nodemark/assignees{/user}"],"branches_url":["https://api.github.com/repos/JoshuaWise/nodemark/branches{/branch}"],"tags_url":["https://api.github.com/repos/JoshuaWise/nodemark/tags"],"blobs_url":["https://api.github.com/repos/JoshuaWise/nodemark/git/blobs{/sha}"],"git_tags_url":["https://api.github.com/repos/JoshuaWise/nodemark/git/tags{/sha}"],"git_refs_url":["https://api.github.com/repos/JoshuaWise/nodemark/git/refs{/sha}"],"trees_url":["https://api.github.com/repos/JoshuaWise/nodemark/git/trees{/sha}"],"statuses_url":["https://api.github.com/repos/JoshuaWise/nodemark/statuses/{sha}"],"languages_url":["https://api.github.com/repos/JoshuaWise/nodemark/languages"],"stargazers_url":["https://api.github.com/repos/JoshuaWise/nodemark/stargazers"],"contributors_url":["https://api.github.com/repos/JoshuaWise/nodemark/contributors"],"subscribers_url":["https://api.github.com/repos/JoshuaWise/nodemark/subscribers"],"subscription_url":["https://api.github.com/repos/JoshuaWise/nodemark/subscription"],"commits_url":["https://api.github.com/repos/JoshuaWise/nodemark/commits{/sha}"],"git_commits_url":["https://api.github.com/repos/JoshuaWise/nodemark/git/commits{/sha}"],"comments_url":["https://api.github.com/repos/JoshuaWise/nodemark/comments{/number}"],"issue_comment_url":["https://api.github.com/repos/JoshuaWise/nodemark/issues/comments{/number}"],"contents_url":["https://api.github.com/repos/JoshuaWise/nodemark/contents/{+path}"],"compare_url":["https://api.github.com/repos/JoshuaWise/nodemark/compare/{base}...{head}"],"merges_url":["https://api.github.com/repos/JoshuaWise/nodemark/merges"],"archive_url":["https://api.github.com/repos/JoshuaWise/nodemark/{archive_format}{/ref}"],"downloads_url":["https://api.github.com/repos/JoshuaWise/nodemark/downloads"],"issues_url":["https://api.github.com/repos/JoshuaWise/nodemark/issues{/number}"],"pulls_url":["https://api.github.com/repos/JoshuaWise/nodemark/pulls{/number}"],"milestones_url":["https://api.github.com/repos/JoshuaWise/nodemark/milestones{/number}"],"notifications_url":["https://api.github.com/repos/JoshuaWise/nodemark/notifications{?since,all,participating}"],"labels_url":["https://api.github.com/repos/JoshuaWise/nodemark/labels{/name}"],"releases_url":["https://api.github.com/repos/JoshuaWise/nodemark/releases{/id}"],"deployments_url":["https://api.github.com/repos/JoshuaWise/nodemark/deployments"],"created_at":["2018-01-30T15:59:20Z"],"updated_at":["2019-03-19T00:06:05Z"],"pushed_at":["2018-07-05T16:14:16Z"],"git_url":["git://github.com/JoshuaWise/nodemark.git"],"ssh_url":["git@github.com:JoshuaWise/nodemark.git"],"clone_url":["https://github.com/JoshuaWise/nodemark.git"],"svn_url":["https://github.com/JoshuaWise/nodemark"],"homepage":[""],"size":[29],"stargazers_count":[7],"watchers_count":[7],"language":["JavaScript"],"has_issues":[true],"has_projects":[true],"has_downloads":[true],"has_wiki":[true],"has_pages":[false],"forks_count":[0],"mirror_url":{},"archived":[false],"open_issues_count":[0],"license":{"key":["mit"],"name":["MIT License"],"spdx_id":["MIT"],"url":["https://api.github.com/licenses/mit"],"node_id":["MDc6TGljZW5zZTEz"]},"forks":[0],"open_issues":[0],"watchers":[7],"default_branch":["master"],"permissions":{"admin":[false],"push":[false],"pull":[true]}}
