{"id":[137930443],"node_id":["MDEwOlJlcG9zaXRvcnkxMzc5MzA0NDM="],"name":["javascript"],"full_name":["JoshuaWise/javascript"],"private":[false],"owner":{"login":["JoshuaWise"],"id":[8255757],"node_id":["MDQ6VXNlcjgyNTU3NTc="],"avatar_url":["https://avatars1.githubusercontent.com/u/8255757?v=4"],"gravatar_id":[""],"url":["https://api.github.com/users/JoshuaWise"],"html_url":["https://github.com/JoshuaWise"],"followers_url":["https://api.github.com/users/JoshuaWise/followers"],"following_url":["https://api.github.com/users/JoshuaWise/following{/other_user}"],"gists_url":["https://api.github.com/users/JoshuaWise/gists{/gist_id}"],"starred_url":["https://api.github.com/users/JoshuaWise/starred{/owner}{/repo}"],"subscriptions_url":["https://api.github.com/users/JoshuaWise/subscriptions"],"organizations_url":["https://api.github.com/users/JoshuaWise/orgs"],"repos_url":["https://api.github.com/users/JoshuaWise/repos"],"events_url":["https://api.github.com/users/JoshuaWise/events{/privacy}"],"received_events_url":["https://api.github.com/users/JoshuaWise/received_events"],"type":["User"],"site_admin":[false]},"html_url":["https://github.com/JoshuaWise/javascript"],"description":["JavaScript Style Guide"],"fork":[true],"url":["https://api.github.com/repos/JoshuaWise/javascript"],"forks_url":["https://api.github.com/repos/JoshuaWise/javascript/forks"],"keys_url":["https://api.github.com/repos/JoshuaWise/javascript/keys{/key_id}"],"collaborators_url":["https://api.github.com/repos/JoshuaWise/javascript/collaborators{/collaborator}"],"teams_url":["https://api.github.com/repos/JoshuaWise/javascript/teams"],"hooks_url":["https://api.github.com/repos/JoshuaWise/javascript/hooks"],"issue_events_url":["https://api.github.com/repos/JoshuaWise/javascript/issues/events{/number}"],"events_url":["https://api.github.com/repos/JoshuaWise/javascript/events"],"assignees_url":["https://api.github.com/repos/JoshuaWise/javascript/assignees{/user}"],"branches_url":["https://api.github.com/repos/JoshuaWise/javascript/branches{/branch}"],"tags_url":["https://api.github.com/repos/JoshuaWise/javascript/tags"],"blobs_url":["https://api.github.com/repos/JoshuaWise/javascript/git/blobs{/sha}"],"git_tags_url":["https://api.github.com/repos/JoshuaWise/javascript/git/tags{/sha}"],"git_refs_url":["https://api.github.com/repos/JoshuaWise/javascript/git/refs{/sha}"],"trees_url":["https://api.github.com/repos/JoshuaWise/javascript/git/trees{/sha}"],"statuses_url":["https://api.github.com/repos/JoshuaWise/javascript/statuses/{sha}"],"languages_url":["https://api.github.com/repos/JoshuaWise/javascript/languages"],"stargazers_url":["https://api.github.com/repos/JoshuaWise/javascript/stargazers"],"contributors_url":["https://api.github.com/repos/JoshuaWise/javascript/contributors"],"subscribers_url":["https://api.github.com/repos/JoshuaWise/javascript/subscribers"],"subscription_url":["https://api.github.com/repos/JoshuaWise/javascript/subscription"],"commits_url":["https://api.github.com/repos/JoshuaWise/javascript/commits{/sha}"],"git_commits_url":["https://api.github.com/repos/JoshuaWise/javascript/git/commits{/sha}"],"comments_url":["https://api.github.com/repos/JoshuaWise/javascript/comments{/number}"],"issue_comment_url":["https://api.github.com/repos/JoshuaWise/javascript/issues/comments{/number}"],"contents_url":["https://api.github.com/repos/JoshuaWise/javascript/contents/{+path}"],"compare_url":["https://api.github.com/repos/JoshuaWise/javascript/compare/{base}...{head}"],"merges_url":["https://api.github.com/repos/JoshuaWise/javascript/merges"],"archive_url":["https://api.github.com/repos/JoshuaWise/javascript/{archive_format}{/ref}"],"downloads_url":["https://api.github.com/repos/JoshuaWise/javascript/downloads"],"issues_url":["https://api.github.com/repos/JoshuaWise/javascript/issues{/number}"],"pulls_url":["https://api.github.com/repos/JoshuaWise/javascript/pulls{/number}"],"milestones_url":["https://api.github.com/repos/JoshuaWise/javascript/milestones{/number}"],"notifications_url":["https://api.github.com/repos/JoshuaWise/javascript/notifications{?since,all,participating}"],"labels_url":["https://api.github.com/repos/JoshuaWise/javascript/labels{/name}"],"releases_url":["https://api.github.com/repos/JoshuaWise/javascript/releases{/id}"],"deployments_url":["https://api.github.com/repos/JoshuaWise/javascript/deployments"],"created_at":["2018-06-19T18:31:30Z"],"updated_at":["2018-06-19T18:31:33Z"],"pushed_at":["2018-06-08T18:17:33Z"],"git_url":["git://github.com/JoshuaWise/javascript.git"],"ssh_url":["git@github.com:JoshuaWise/javascript.git"],"clone_url":["https://github.com/JoshuaWise/javascript.git"],"svn_url":["https://github.com/JoshuaWise/javascript"],"homepage":{},"size":[2806],"stargazers_count":[0],"watchers_count":[0],"language":["JavaScript"],"has_issues":[false],"has_projects":[true],"has_downloads":[true],"has_wiki":[true],"has_pages":[false],"forks_count":[0],"mirror_url":{},"archived":[false],"open_issues_count":[0],"license":{"key":["mit"],"name":["MIT License"],"spdx_id":["MIT"],"url":["https://api.github.com/licenses/mit"],"node_id":["MDc6TGljZW5zZTEz"]},"forks":[0],"open_issues":[0],"watchers":[0],"default_branch":["master"],"permissions":{"admin":[false],"push":[false],"pull":[true]}}
