{"id":[138586195],"node_id":["MDEwOlJlcG9zaXRvcnkxMzg1ODYxOTU="],"name":["vapr-decompress"],"full_name":["JoshuaWise/vapr-decompress"],"private":[false],"owner":{"login":["JoshuaWise"],"id":[8255757],"node_id":["MDQ6VXNlcjgyNTU3NTc="],"avatar_url":["https://avatars1.githubusercontent.com/u/8255757?v=4"],"gravatar_id":[""],"url":["https://api.github.com/users/JoshuaWise"],"html_url":["https://github.com/JoshuaWise"],"followers_url":["https://api.github.com/users/JoshuaWise/followers"],"following_url":["https://api.github.com/users/JoshuaWise/following{/other_user}"],"gists_url":["https://api.github.com/users/JoshuaWise/gists{/gist_id}"],"starred_url":["https://api.github.com/users/JoshuaWise/starred{/owner}{/repo}"],"subscriptions_url":["https://api.github.com/users/JoshuaWise/subscriptions"],"organizations_url":["https://api.github.com/users/JoshuaWise/orgs"],"repos_url":["https://api.github.com/users/JoshuaWise/repos"],"events_url":["https://api.github.com/users/JoshuaWise/events{/privacy}"],"received_events_url":["https://api.github.com/users/JoshuaWise/received_events"],"type":["User"],"site_admin":[false]},"html_url":["https://github.com/JoshuaWise/vapr-decompress"],"description":["A Vapr plugin for decompressing request bodies"],"fork":[false],"url":["https://api.github.com/repos/JoshuaWise/vapr-decompress"],"forks_url":["https://api.github.com/repos/JoshuaWise/vapr-decompress/forks"],"keys_url":["https://api.github.com/repos/JoshuaWise/vapr-decompress/keys{/key_id}"],"collaborators_url":["https://api.github.com/repos/JoshuaWise/vapr-decompress/collaborators{/collaborator}"],"teams_url":["https://api.github.com/repos/JoshuaWise/vapr-decompress/teams"],"hooks_url":["https://api.github.com/repos/JoshuaWise/vapr-decompress/hooks"],"issue_events_url":["https://api.github.com/repos/JoshuaWise/vapr-decompress/issues/events{/number}"],"events_url":["https://api.github.com/repos/JoshuaWise/vapr-decompress/events"],"assignees_url":["https://api.github.com/repos/JoshuaWise/vapr-decompress/assignees{/user}"],"branches_url":["https://api.github.com/repos/JoshuaWise/vapr-decompress/branches{/branch}"],"tags_url":["https://api.github.com/repos/JoshuaWise/vapr-decompress/tags"],"blobs_url":["https://api.github.com/repos/JoshuaWise/vapr-decompress/git/blobs{/sha}"],"git_tags_url":["https://api.github.com/repos/JoshuaWise/vapr-decompress/git/tags{/sha}"],"git_refs_url":["https://api.github.com/repos/JoshuaWise/vapr-decompress/git/refs{/sha}"],"trees_url":["https://api.github.com/repos/JoshuaWise/vapr-decompress/git/trees{/sha}"],"statuses_url":["https://api.github.com/repos/JoshuaWise/vapr-decompress/statuses/{sha}"],"languages_url":["https://api.github.com/repos/JoshuaWise/vapr-decompress/languages"],"stargazers_url":["https://api.github.com/repos/JoshuaWise/vapr-decompress/stargazers"],"contributors_url":["https://api.github.com/repos/JoshuaWise/vapr-decompress/contributors"],"subscribers_url":["https://api.github.com/repos/JoshuaWise/vapr-decompress/subscribers"],"subscription_url":["https://api.github.com/repos/JoshuaWise/vapr-decompress/subscription"],"commits_url":["https://api.github.com/repos/JoshuaWise/vapr-decompress/commits{/sha}"],"git_commits_url":["https://api.github.com/repos/JoshuaWise/vapr-decompress/git/commits{/sha}"],"comments_url":["https://api.github.com/repos/JoshuaWise/vapr-decompress/comments{/number}"],"issue_comment_url":["https://api.github.com/repos/JoshuaWise/vapr-decompress/issues/comments{/number}"],"contents_url":["https://api.github.com/repos/JoshuaWise/vapr-decompress/contents/{+path}"],"compare_url":["https://api.github.com/repos/JoshuaWise/vapr-decompress/compare/{base}...{head}"],"merges_url":["https://api.github.com/repos/JoshuaWise/vapr-decompress/merges"],"archive_url":["https://api.github.com/repos/JoshuaWise/vapr-decompress/{archive_format}{/ref}"],"downloads_url":["https://api.github.com/repos/JoshuaWise/vapr-decompress/downloads"],"issues_url":["https://api.github.com/repos/JoshuaWise/vapr-decompress/issues{/number}"],"pulls_url":["https://api.github.com/repos/JoshuaWise/vapr-decompress/pulls{/number}"],"milestones_url":["https://api.github.com/repos/JoshuaWise/vapr-decompress/milestones{/number}"],"notifications_url":["https://api.github.com/repos/JoshuaWise/vapr-decompress/notifications{?since,all,participating}"],"labels_url":["https://api.github.com/repos/JoshuaWise/vapr-decompress/labels{/name}"],"releases_url":["https://api.github.com/repos/JoshuaWise/vapr-decompress/releases{/id}"],"deployments_url":["https://api.github.com/repos/JoshuaWise/vapr-decompress/deployments"],"created_at":["2018-06-25T11:32:14Z"],"updated_at":["2018-07-15T20:16:44Z"],"pushed_at":["2018-07-15T20:16:48Z"],"git_url":["git://github.com/JoshuaWise/vapr-decompress.git"],"ssh_url":["git@github.com:JoshuaWise/vapr-decompress.git"],"clone_url":["https://github.com/JoshuaWise/vapr-decompress.git"],"svn_url":["https://github.com/JoshuaWise/vapr-decompress"],"homepage":[""],"size":[11],"stargazers_count":[1],"watchers_count":[1],"language":["JavaScript"],"has_issues":[true],"has_projects":[true],"has_downloads":[true],"has_wiki":[true],"has_pages":[false],"forks_count":[0],"mirror_url":{},"archived":[false],"open_issues_count":[0],"license":{"key":["mit"],"name":["MIT License"],"spdx_id":["MIT"],"url":["https://api.github.com/licenses/mit"],"node_id":["MDc6TGljZW5zZTEz"]},"forks":[0],"open_issues":[0],"watchers":[1],"default_branch":["master"],"permissions":{"admin":[false],"push":[false],"pull":[true]}}
