{"id":[138520087],"node_id":["MDEwOlJlcG9zaXRvcnkxMzg1MjAwODc="],"name":["vapr-input"],"full_name":["JoshuaWise/vapr-input"],"private":[false],"owner":{"login":["JoshuaWise"],"id":[8255757],"node_id":["MDQ6VXNlcjgyNTU3NTc="],"avatar_url":["https://avatars1.githubusercontent.com/u/8255757?v=4"],"gravatar_id":[""],"url":["https://api.github.com/users/JoshuaWise"],"html_url":["https://github.com/JoshuaWise"],"followers_url":["https://api.github.com/users/JoshuaWise/followers"],"following_url":["https://api.github.com/users/JoshuaWise/following{/other_user}"],"gists_url":["https://api.github.com/users/JoshuaWise/gists{/gist_id}"],"starred_url":["https://api.github.com/users/JoshuaWise/starred{/owner}{/repo}"],"subscriptions_url":["https://api.github.com/users/JoshuaWise/subscriptions"],"organizations_url":["https://api.github.com/users/JoshuaWise/orgs"],"repos_url":["https://api.github.com/users/JoshuaWise/repos"],"events_url":["https://api.github.com/users/JoshuaWise/events{/privacy}"],"received_events_url":["https://api.github.com/users/JoshuaWise/received_events"],"type":["User"],"site_admin":[false]},"html_url":["https://github.com/JoshuaWise/vapr-input"],"description":["A Vapr plugin for handling requests based on Content-Type"],"fork":[false],"url":["https://api.github.com/repos/JoshuaWise/vapr-input"],"forks_url":["https://api.github.com/repos/JoshuaWise/vapr-input/forks"],"keys_url":["https://api.github.com/repos/JoshuaWise/vapr-input/keys{/key_id}"],"collaborators_url":["https://api.github.com/repos/JoshuaWise/vapr-input/collaborators{/collaborator}"],"teams_url":["https://api.github.com/repos/JoshuaWise/vapr-input/teams"],"hooks_url":["https://api.github.com/repos/JoshuaWise/vapr-input/hooks"],"issue_events_url":["https://api.github.com/repos/JoshuaWise/vapr-input/issues/events{/number}"],"events_url":["https://api.github.com/repos/JoshuaWise/vapr-input/events"],"assignees_url":["https://api.github.com/repos/JoshuaWise/vapr-input/assignees{/user}"],"branches_url":["https://api.github.com/repos/JoshuaWise/vapr-input/branches{/branch}"],"tags_url":["https://api.github.com/repos/JoshuaWise/vapr-input/tags"],"blobs_url":["https://api.github.com/repos/JoshuaWise/vapr-input/git/blobs{/sha}"],"git_tags_url":["https://api.github.com/repos/JoshuaWise/vapr-input/git/tags{/sha}"],"git_refs_url":["https://api.github.com/repos/JoshuaWise/vapr-input/git/refs{/sha}"],"trees_url":["https://api.github.com/repos/JoshuaWise/vapr-input/git/trees{/sha}"],"statuses_url":["https://api.github.com/repos/JoshuaWise/vapr-input/statuses/{sha}"],"languages_url":["https://api.github.com/repos/JoshuaWise/vapr-input/languages"],"stargazers_url":["https://api.github.com/repos/JoshuaWise/vapr-input/stargazers"],"contributors_url":["https://api.github.com/repos/JoshuaWise/vapr-input/contributors"],"subscribers_url":["https://api.github.com/repos/JoshuaWise/vapr-input/subscribers"],"subscription_url":["https://api.github.com/repos/JoshuaWise/vapr-input/subscription"],"commits_url":["https://api.github.com/repos/JoshuaWise/vapr-input/commits{/sha}"],"git_commits_url":["https://api.github.com/repos/JoshuaWise/vapr-input/git/commits{/sha}"],"comments_url":["https://api.github.com/repos/JoshuaWise/vapr-input/comments{/number}"],"issue_comment_url":["https://api.github.com/repos/JoshuaWise/vapr-input/issues/comments{/number}"],"contents_url":["https://api.github.com/repos/JoshuaWise/vapr-input/contents/{+path}"],"compare_url":["https://api.github.com/repos/JoshuaWise/vapr-input/compare/{base}...{head}"],"merges_url":["https://api.github.com/repos/JoshuaWise/vapr-input/merges"],"archive_url":["https://api.github.com/repos/JoshuaWise/vapr-input/{archive_format}{/ref}"],"downloads_url":["https://api.github.com/repos/JoshuaWise/vapr-input/downloads"],"issues_url":["https://api.github.com/repos/JoshuaWise/vapr-input/issues{/number}"],"pulls_url":["https://api.github.com/repos/JoshuaWise/vapr-input/pulls{/number}"],"milestones_url":["https://api.github.com/repos/JoshuaWise/vapr-input/milestones{/number}"],"notifications_url":["https://api.github.com/repos/JoshuaWise/vapr-input/notifications{?since,all,participating}"],"labels_url":["https://api.github.com/repos/JoshuaWise/vapr-input/labels{/name}"],"releases_url":["https://api.github.com/repos/JoshuaWise/vapr-input/releases{/id}"],"deployments_url":["https://api.github.com/repos/JoshuaWise/vapr-input/deployments"],"created_at":["2018-06-24T22:35:46Z"],"updated_at":["2018-09-10T01:08:57Z"],"pushed_at":["2018-09-10T01:09:00Z"],"git_url":["git://github.com/JoshuaWise/vapr-input.git"],"ssh_url":["git@github.com:JoshuaWise/vapr-input.git"],"clone_url":["https://github.com/JoshuaWise/vapr-input.git"],"svn_url":["https://github.com/JoshuaWise/vapr-input"],"homepage":[""],"size":[25],"stargazers_count":[1],"watchers_count":[1],"language":["JavaScript"],"has_issues":[true],"has_projects":[true],"has_downloads":[true],"has_wiki":[true],"has_pages":[false],"forks_count":[0],"mirror_url":{},"archived":[false],"open_issues_count":[0],"license":{"key":["mit"],"name":["MIT License"],"spdx_id":["MIT"],"url":["https://api.github.com/licenses/mit"],"node_id":["MDc6TGljZW5zZTEz"]},"forks":[0],"open_issues":[0],"watchers":[1],"default_branch":["master"],"permissions":{"admin":[false],"push":[false],"pull":[true]}}
