{"id":[138632626],"node_id":["MDEwOlJlcG9zaXRvcnkxMzg2MzI2MjY="],"name":["koa-vapr-comparison"],"full_name":["JoshuaWise/koa-vapr-comparison"],"private":[false],"owner":{"login":["JoshuaWise"],"id":[8255757],"node_id":["MDQ6VXNlcjgyNTU3NTc="],"avatar_url":["https://avatars1.githubusercontent.com/u/8255757?v=4"],"gravatar_id":[""],"url":["https://api.github.com/users/JoshuaWise"],"html_url":["https://github.com/JoshuaWise"],"followers_url":["https://api.github.com/users/JoshuaWise/followers"],"following_url":["https://api.github.com/users/JoshuaWise/following{/other_user}"],"gists_url":["https://api.github.com/users/JoshuaWise/gists{/gist_id}"],"starred_url":["https://api.github.com/users/JoshuaWise/starred{/owner}{/repo}"],"subscriptions_url":["https://api.github.com/users/JoshuaWise/subscriptions"],"organizations_url":["https://api.github.com/users/JoshuaWise/orgs"],"repos_url":["https://api.github.com/users/JoshuaWise/repos"],"events_url":["https://api.github.com/users/JoshuaWise/events{/privacy}"],"received_events_url":["https://api.github.com/users/JoshuaWise/received_events"],"type":["User"],"site_admin":[false]},"html_url":["https://github.com/JoshuaWise/koa-vapr-comparison"],"description":["An opinionated study into the theory and practice of Koa and Vapr as competing HTTP frameworks."],"fork":[false],"url":["https://api.github.com/repos/JoshuaWise/koa-vapr-comparison"],"forks_url":["https://api.github.com/repos/JoshuaWise/koa-vapr-comparison/forks"],"keys_url":["https://api.github.com/repos/JoshuaWise/koa-vapr-comparison/keys{/key_id}"],"collaborators_url":["https://api.github.com/repos/JoshuaWise/koa-vapr-comparison/collaborators{/collaborator}"],"teams_url":["https://api.github.com/repos/JoshuaWise/koa-vapr-comparison/teams"],"hooks_url":["https://api.github.com/repos/JoshuaWise/koa-vapr-comparison/hooks"],"issue_events_url":["https://api.github.com/repos/JoshuaWise/koa-vapr-comparison/issues/events{/number}"],"events_url":["https://api.github.com/repos/JoshuaWise/koa-vapr-comparison/events"],"assignees_url":["https://api.github.com/repos/JoshuaWise/koa-vapr-comparison/assignees{/user}"],"branches_url":["https://api.github.com/repos/JoshuaWise/koa-vapr-comparison/branches{/branch}"],"tags_url":["https://api.github.com/repos/JoshuaWise/koa-vapr-comparison/tags"],"blobs_url":["https://api.github.com/repos/JoshuaWise/koa-vapr-comparison/git/blobs{/sha}"],"git_tags_url":["https://api.github.com/repos/JoshuaWise/koa-vapr-comparison/git/tags{/sha}"],"git_refs_url":["https://api.github.com/repos/JoshuaWise/koa-vapr-comparison/git/refs{/sha}"],"trees_url":["https://api.github.com/repos/JoshuaWise/koa-vapr-comparison/git/trees{/sha}"],"statuses_url":["https://api.github.com/repos/JoshuaWise/koa-vapr-comparison/statuses/{sha}"],"languages_url":["https://api.github.com/repos/JoshuaWise/koa-vapr-comparison/languages"],"stargazers_url":["https://api.github.com/repos/JoshuaWise/koa-vapr-comparison/stargazers"],"contributors_url":["https://api.github.com/repos/JoshuaWise/koa-vapr-comparison/contributors"],"subscribers_url":["https://api.github.com/repos/JoshuaWise/koa-vapr-comparison/subscribers"],"subscription_url":["https://api.github.com/repos/JoshuaWise/koa-vapr-comparison/subscription"],"commits_url":["https://api.github.com/repos/JoshuaWise/koa-vapr-comparison/commits{/sha}"],"git_commits_url":["https://api.github.com/repos/JoshuaWise/koa-vapr-comparison/git/commits{/sha}"],"comments_url":["https://api.github.com/repos/JoshuaWise/koa-vapr-comparison/comments{/number}"],"issue_comment_url":["https://api.github.com/repos/JoshuaWise/koa-vapr-comparison/issues/comments{/number}"],"contents_url":["https://api.github.com/repos/JoshuaWise/koa-vapr-comparison/contents/{+path}"],"compare_url":["https://api.github.com/repos/JoshuaWise/koa-vapr-comparison/compare/{base}...{head}"],"merges_url":["https://api.github.com/repos/JoshuaWise/koa-vapr-comparison/merges"],"archive_url":["https://api.github.com/repos/JoshuaWise/koa-vapr-comparison/{archive_format}{/ref}"],"downloads_url":["https://api.github.com/repos/JoshuaWise/koa-vapr-comparison/downloads"],"issues_url":["https://api.github.com/repos/JoshuaWise/koa-vapr-comparison/issues{/number}"],"pulls_url":["https://api.github.com/repos/JoshuaWise/koa-vapr-comparison/pulls{/number}"],"milestones_url":["https://api.github.com/repos/JoshuaWise/koa-vapr-comparison/milestones{/number}"],"notifications_url":["https://api.github.com/repos/JoshuaWise/koa-vapr-comparison/notifications{?since,all,participating}"],"labels_url":["https://api.github.com/repos/JoshuaWise/koa-vapr-comparison/labels{/name}"],"releases_url":["https://api.github.com/repos/JoshuaWise/koa-vapr-comparison/releases{/id}"],"deployments_url":["https://api.github.com/repos/JoshuaWise/koa-vapr-comparison/deployments"],"created_at":["2018-06-25T18:10:55Z"],"updated_at":["2018-07-18T02:53:02Z"],"pushed_at":["2018-07-18T02:53:01Z"],"git_url":["git://github.com/JoshuaWise/koa-vapr-comparison.git"],"ssh_url":["git@github.com:JoshuaWise/koa-vapr-comparison.git"],"clone_url":["https://github.com/JoshuaWise/koa-vapr-comparison.git"],"svn_url":["https://github.com/JoshuaWise/koa-vapr-comparison"],"homepage":{},"size":[449],"stargazers_count":[1],"watchers_count":[1],"language":["JavaScript"],"has_issues":[true],"has_projects":[true],"has_downloads":[true],"has_wiki":[true],"has_pages":[false],"forks_count":[0],"mirror_url":{},"archived":[false],"open_issues_count":[0],"license":{"key":["other"],"name":["Other"],"spdx_id":["NOASSERTION"],"url":{},"node_id":["MDc6TGljZW5zZTA="]},"forks":[0],"open_issues":[0],"watchers":[1],"default_branch":["master"],"permissions":{"admin":[false],"push":[false],"pull":[true]}}
