{"id":[138608556],"node_id":["MDEwOlJlcG9zaXRvcnkxMzg2MDg1NTY="],"name":["vapr-compress"],"full_name":["JoshuaWise/vapr-compress"],"private":[false],"owner":{"login":["JoshuaWise"],"id":[8255757],"node_id":["MDQ6VXNlcjgyNTU3NTc="],"avatar_url":["https://avatars1.githubusercontent.com/u/8255757?v=4"],"gravatar_id":[""],"url":["https://api.github.com/users/JoshuaWise"],"html_url":["https://github.com/JoshuaWise"],"followers_url":["https://api.github.com/users/JoshuaWise/followers"],"following_url":["https://api.github.com/users/JoshuaWise/following{/other_user}"],"gists_url":["https://api.github.com/users/JoshuaWise/gists{/gist_id}"],"starred_url":["https://api.github.com/users/JoshuaWise/starred{/owner}{/repo}"],"subscriptions_url":["https://api.github.com/users/JoshuaWise/subscriptions"],"organizations_url":["https://api.github.com/users/JoshuaWise/orgs"],"repos_url":["https://api.github.com/users/JoshuaWise/repos"],"events_url":["https://api.github.com/users/JoshuaWise/events{/privacy}"],"received_events_url":["https://api.github.com/users/JoshuaWise/received_events"],"type":["User"],"site_admin":[false]},"html_url":["https://github.com/JoshuaWise/vapr-compress"],"description":["A compression plugin for Vapr"],"fork":[false],"url":["https://api.github.com/repos/JoshuaWise/vapr-compress"],"forks_url":["https://api.github.com/repos/JoshuaWise/vapr-compress/forks"],"keys_url":["https://api.github.com/repos/JoshuaWise/vapr-compress/keys{/key_id}"],"collaborators_url":["https://api.github.com/repos/JoshuaWise/vapr-compress/collaborators{/collaborator}"],"teams_url":["https://api.github.com/repos/JoshuaWise/vapr-compress/teams"],"hooks_url":["https://api.github.com/repos/JoshuaWise/vapr-compress/hooks"],"issue_events_url":["https://api.github.com/repos/JoshuaWise/vapr-compress/issues/events{/number}"],"events_url":["https://api.github.com/repos/JoshuaWise/vapr-compress/events"],"assignees_url":["https://api.github.com/repos/JoshuaWise/vapr-compress/assignees{/user}"],"branches_url":["https://api.github.com/repos/JoshuaWise/vapr-compress/branches{/branch}"],"tags_url":["https://api.github.com/repos/JoshuaWise/vapr-compress/tags"],"blobs_url":["https://api.github.com/repos/JoshuaWise/vapr-compress/git/blobs{/sha}"],"git_tags_url":["https://api.github.com/repos/JoshuaWise/vapr-compress/git/tags{/sha}"],"git_refs_url":["https://api.github.com/repos/JoshuaWise/vapr-compress/git/refs{/sha}"],"trees_url":["https://api.github.com/repos/JoshuaWise/vapr-compress/git/trees{/sha}"],"statuses_url":["https://api.github.com/repos/JoshuaWise/vapr-compress/statuses/{sha}"],"languages_url":["https://api.github.com/repos/JoshuaWise/vapr-compress/languages"],"stargazers_url":["https://api.github.com/repos/JoshuaWise/vapr-compress/stargazers"],"contributors_url":["https://api.github.com/repos/JoshuaWise/vapr-compress/contributors"],"subscribers_url":["https://api.github.com/repos/JoshuaWise/vapr-compress/subscribers"],"subscription_url":["https://api.github.com/repos/JoshuaWise/vapr-compress/subscription"],"commits_url":["https://api.github.com/repos/JoshuaWise/vapr-compress/commits{/sha}"],"git_commits_url":["https://api.github.com/repos/JoshuaWise/vapr-compress/git/commits{/sha}"],"comments_url":["https://api.github.com/repos/JoshuaWise/vapr-compress/comments{/number}"],"issue_comment_url":["https://api.github.com/repos/JoshuaWise/vapr-compress/issues/comments{/number}"],"contents_url":["https://api.github.com/repos/JoshuaWise/vapr-compress/contents/{+path}"],"compare_url":["https://api.github.com/repos/JoshuaWise/vapr-compress/compare/{base}...{head}"],"merges_url":["https://api.github.com/repos/JoshuaWise/vapr-compress/merges"],"archive_url":["https://api.github.com/repos/JoshuaWise/vapr-compress/{archive_format}{/ref}"],"downloads_url":["https://api.github.com/repos/JoshuaWise/vapr-compress/downloads"],"issues_url":["https://api.github.com/repos/JoshuaWise/vapr-compress/issues{/number}"],"pulls_url":["https://api.github.com/repos/JoshuaWise/vapr-compress/pulls{/number}"],"milestones_url":["https://api.github.com/repos/JoshuaWise/vapr-compress/milestones{/number}"],"notifications_url":["https://api.github.com/repos/JoshuaWise/vapr-compress/notifications{?since,all,participating}"],"labels_url":["https://api.github.com/repos/JoshuaWise/vapr-compress/labels{/name}"],"releases_url":["https://api.github.com/repos/JoshuaWise/vapr-compress/releases{/id}"],"deployments_url":["https://api.github.com/repos/JoshuaWise/vapr-compress/deployments"],"created_at":["2018-06-25T14:45:46Z"],"updated_at":["2018-07-15T20:01:05Z"],"pushed_at":["2018-07-15T20:01:11Z"],"git_url":["git://github.com/JoshuaWise/vapr-compress.git"],"ssh_url":["git@github.com:JoshuaWise/vapr-compress.git"],"clone_url":["https://github.com/JoshuaWise/vapr-compress.git"],"svn_url":["https://github.com/JoshuaWise/vapr-compress"],"homepage":[""],"size":[20],"stargazers_count":[1],"watchers_count":[1],"language":["JavaScript"],"has_issues":[true],"has_projects":[true],"has_downloads":[true],"has_wiki":[true],"has_pages":[false],"forks_count":[0],"mirror_url":{},"archived":[false],"open_issues_count":[0],"license":{"key":["mit"],"name":["MIT License"],"spdx_id":["MIT"],"url":["https://api.github.com/licenses/mit"],"node_id":["MDc6TGljZW5zZTEz"]},"forks":[0],"open_issues":[0],"watchers":[1],"default_branch":["master"],"permissions":{"admin":[false],"push":[false],"pull":[true]}}
