{"id":[140735091],"node_id":["MDEwOlJlcG9zaXRvcnkxNDA3MzUwOTE="],"name":["negotiated"],"full_name":["JoshuaWise/negotiated"],"private":[false],"owner":{"login":["JoshuaWise"],"id":[8255757],"node_id":["MDQ6VXNlcjgyNTU3NTc="],"avatar_url":["https://avatars1.githubusercontent.com/u/8255757?v=4"],"gravatar_id":[""],"url":["https://api.github.com/users/JoshuaWise"],"html_url":["https://github.com/JoshuaWise"],"followers_url":["https://api.github.com/users/JoshuaWise/followers"],"following_url":["https://api.github.com/users/JoshuaWise/following{/other_user}"],"gists_url":["https://api.github.com/users/JoshuaWise/gists{/gist_id}"],"starred_url":["https://api.github.com/users/JoshuaWise/starred{/owner}{/repo}"],"subscriptions_url":["https://api.github.com/users/JoshuaWise/subscriptions"],"organizations_url":["https://api.github.com/users/JoshuaWise/orgs"],"repos_url":["https://api.github.com/users/JoshuaWise/repos"],"events_url":["https://api.github.com/users/JoshuaWise/events{/privacy}"],"received_events_url":["https://api.github.com/users/JoshuaWise/received_events"],"type":["User"],"site_admin":[false]},"html_url":["https://github.com/JoshuaWise/negotiated"],"description":["A low-level, standards-compliant utility for parsing HTTP content negotiation headers"],"fork":[false],"url":["https://api.github.com/repos/JoshuaWise/negotiated"],"forks_url":["https://api.github.com/repos/JoshuaWise/negotiated/forks"],"keys_url":["https://api.github.com/repos/JoshuaWise/negotiated/keys{/key_id}"],"collaborators_url":["https://api.github.com/repos/JoshuaWise/negotiated/collaborators{/collaborator}"],"teams_url":["https://api.github.com/repos/JoshuaWise/negotiated/teams"],"hooks_url":["https://api.github.com/repos/JoshuaWise/negotiated/hooks"],"issue_events_url":["https://api.github.com/repos/JoshuaWise/negotiated/issues/events{/number}"],"events_url":["https://api.github.com/repos/JoshuaWise/negotiated/events"],"assignees_url":["https://api.github.com/repos/JoshuaWise/negotiated/assignees{/user}"],"branches_url":["https://api.github.com/repos/JoshuaWise/negotiated/branches{/branch}"],"tags_url":["https://api.github.com/repos/JoshuaWise/negotiated/tags"],"blobs_url":["https://api.github.com/repos/JoshuaWise/negotiated/git/blobs{/sha}"],"git_tags_url":["https://api.github.com/repos/JoshuaWise/negotiated/git/tags{/sha}"],"git_refs_url":["https://api.github.com/repos/JoshuaWise/negotiated/git/refs{/sha}"],"trees_url":["https://api.github.com/repos/JoshuaWise/negotiated/git/trees{/sha}"],"statuses_url":["https://api.github.com/repos/JoshuaWise/negotiated/statuses/{sha}"],"languages_url":["https://api.github.com/repos/JoshuaWise/negotiated/languages"],"stargazers_url":["https://api.github.com/repos/JoshuaWise/negotiated/stargazers"],"contributors_url":["https://api.github.com/repos/JoshuaWise/negotiated/contributors"],"subscribers_url":["https://api.github.com/repos/JoshuaWise/negotiated/subscribers"],"subscription_url":["https://api.github.com/repos/JoshuaWise/negotiated/subscription"],"commits_url":["https://api.github.com/repos/JoshuaWise/negotiated/commits{/sha}"],"git_commits_url":["https://api.github.com/repos/JoshuaWise/negotiated/git/commits{/sha}"],"comments_url":["https://api.github.com/repos/JoshuaWise/negotiated/comments{/number}"],"issue_comment_url":["https://api.github.com/repos/JoshuaWise/negotiated/issues/comments{/number}"],"contents_url":["https://api.github.com/repos/JoshuaWise/negotiated/contents/{+path}"],"compare_url":["https://api.github.com/repos/JoshuaWise/negotiated/compare/{base}...{head}"],"merges_url":["https://api.github.com/repos/JoshuaWise/negotiated/merges"],"archive_url":["https://api.github.com/repos/JoshuaWise/negotiated/{archive_format}{/ref}"],"downloads_url":["https://api.github.com/repos/JoshuaWise/negotiated/downloads"],"issues_url":["https://api.github.com/repos/JoshuaWise/negotiated/issues{/number}"],"pulls_url":["https://api.github.com/repos/JoshuaWise/negotiated/pulls{/number}"],"milestones_url":["https://api.github.com/repos/JoshuaWise/negotiated/milestones{/number}"],"notifications_url":["https://api.github.com/repos/JoshuaWise/negotiated/notifications{?since,all,participating}"],"labels_url":["https://api.github.com/repos/JoshuaWise/negotiated/labels{/name}"],"releases_url":["https://api.github.com/repos/JoshuaWise/negotiated/releases{/id}"],"deployments_url":["https://api.github.com/repos/JoshuaWise/negotiated/deployments"],"created_at":["2018-07-12T15:55:08Z"],"updated_at":["2018-07-12T23:15:53Z"],"pushed_at":["2018-07-12T23:15:55Z"],"git_url":["git://github.com/JoshuaWise/negotiated.git"],"ssh_url":["git@github.com:JoshuaWise/negotiated.git"],"clone_url":["https://github.com/JoshuaWise/negotiated.git"],"svn_url":["https://github.com/JoshuaWise/negotiated"],"homepage":[""],"size":[25],"stargazers_count":[1],"watchers_count":[1],"language":["JavaScript"],"has_issues":[true],"has_projects":[true],"has_downloads":[true],"has_wiki":[true],"has_pages":[false],"forks_count":[0],"mirror_url":{},"archived":[false],"open_issues_count":[0],"license":{"key":["mit"],"name":["MIT License"],"spdx_id":["MIT"],"url":["https://api.github.com/licenses/mit"],"node_id":["MDc6TGljZW5zZTEz"]},"forks":[0],"open_issues":[0],"watchers":[1],"default_branch":["master"],"permissions":{"admin":[false],"push":[false],"pull":[true]}}
