{"id":[141059438],"node_id":["MDEwOlJlcG9zaXRvcnkxNDEwNTk0Mzg="],"name":["vapr-output"],"full_name":["JoshuaWise/vapr-output"],"private":[false],"owner":{"login":["JoshuaWise"],"id":[8255757],"node_id":["MDQ6VXNlcjgyNTU3NTc="],"avatar_url":["https://avatars1.githubusercontent.com/u/8255757?v=4"],"gravatar_id":[""],"url":["https://api.github.com/users/JoshuaWise"],"html_url":["https://github.com/JoshuaWise"],"followers_url":["https://api.github.com/users/JoshuaWise/followers"],"following_url":["https://api.github.com/users/JoshuaWise/following{/other_user}"],"gists_url":["https://api.github.com/users/JoshuaWise/gists{/gist_id}"],"starred_url":["https://api.github.com/users/JoshuaWise/starred{/owner}{/repo}"],"subscriptions_url":["https://api.github.com/users/JoshuaWise/subscriptions"],"organizations_url":["https://api.github.com/users/JoshuaWise/orgs"],"repos_url":["https://api.github.com/users/JoshuaWise/repos"],"events_url":["https://api.github.com/users/JoshuaWise/events{/privacy}"],"received_events_url":["https://api.github.com/users/JoshuaWise/received_events"],"type":["User"],"site_admin":[false]},"html_url":["https://github.com/JoshuaWise/vapr-output"],"description":["A Vapr plugin for negotiating and serializing responses"],"fork":[false],"url":["https://api.github.com/repos/JoshuaWise/vapr-output"],"forks_url":["https://api.github.com/repos/JoshuaWise/vapr-output/forks"],"keys_url":["https://api.github.com/repos/JoshuaWise/vapr-output/keys{/key_id}"],"collaborators_url":["https://api.github.com/repos/JoshuaWise/vapr-output/collaborators{/collaborator}"],"teams_url":["https://api.github.com/repos/JoshuaWise/vapr-output/teams"],"hooks_url":["https://api.github.com/repos/JoshuaWise/vapr-output/hooks"],"issue_events_url":["https://api.github.com/repos/JoshuaWise/vapr-output/issues/events{/number}"],"events_url":["https://api.github.com/repos/JoshuaWise/vapr-output/events"],"assignees_url":["https://api.github.com/repos/JoshuaWise/vapr-output/assignees{/user}"],"branches_url":["https://api.github.com/repos/JoshuaWise/vapr-output/branches{/branch}"],"tags_url":["https://api.github.com/repos/JoshuaWise/vapr-output/tags"],"blobs_url":["https://api.github.com/repos/JoshuaWise/vapr-output/git/blobs{/sha}"],"git_tags_url":["https://api.github.com/repos/JoshuaWise/vapr-output/git/tags{/sha}"],"git_refs_url":["https://api.github.com/repos/JoshuaWise/vapr-output/git/refs{/sha}"],"trees_url":["https://api.github.com/repos/JoshuaWise/vapr-output/git/trees{/sha}"],"statuses_url":["https://api.github.com/repos/JoshuaWise/vapr-output/statuses/{sha}"],"languages_url":["https://api.github.com/repos/JoshuaWise/vapr-output/languages"],"stargazers_url":["https://api.github.com/repos/JoshuaWise/vapr-output/stargazers"],"contributors_url":["https://api.github.com/repos/JoshuaWise/vapr-output/contributors"],"subscribers_url":["https://api.github.com/repos/JoshuaWise/vapr-output/subscribers"],"subscription_url":["https://api.github.com/repos/JoshuaWise/vapr-output/subscription"],"commits_url":["https://api.github.com/repos/JoshuaWise/vapr-output/commits{/sha}"],"git_commits_url":["https://api.github.com/repos/JoshuaWise/vapr-output/git/commits{/sha}"],"comments_url":["https://api.github.com/repos/JoshuaWise/vapr-output/comments{/number}"],"issue_comment_url":["https://api.github.com/repos/JoshuaWise/vapr-output/issues/comments{/number}"],"contents_url":["https://api.github.com/repos/JoshuaWise/vapr-output/contents/{+path}"],"compare_url":["https://api.github.com/repos/JoshuaWise/vapr-output/compare/{base}...{head}"],"merges_url":["https://api.github.com/repos/JoshuaWise/vapr-output/merges"],"archive_url":["https://api.github.com/repos/JoshuaWise/vapr-output/{archive_format}{/ref}"],"downloads_url":["https://api.github.com/repos/JoshuaWise/vapr-output/downloads"],"issues_url":["https://api.github.com/repos/JoshuaWise/vapr-output/issues{/number}"],"pulls_url":["https://api.github.com/repos/JoshuaWise/vapr-output/pulls{/number}"],"milestones_url":["https://api.github.com/repos/JoshuaWise/vapr-output/milestones{/number}"],"notifications_url":["https://api.github.com/repos/JoshuaWise/vapr-output/notifications{?since,all,participating}"],"labels_url":["https://api.github.com/repos/JoshuaWise/vapr-output/labels{/name}"],"releases_url":["https://api.github.com/repos/JoshuaWise/vapr-output/releases{/id}"],"deployments_url":["https://api.github.com/repos/JoshuaWise/vapr-output/deployments"],"created_at":["2018-07-15T21:24:24Z"],"updated_at":["2018-07-26T07:21:40Z"],"pushed_at":["2018-07-26T07:21:39Z"],"git_url":["git://github.com/JoshuaWise/vapr-output.git"],"ssh_url":["git@github.com:JoshuaWise/vapr-output.git"],"clone_url":["https://github.com/JoshuaWise/vapr-output.git"],"svn_url":["https://github.com/JoshuaWise/vapr-output"],"homepage":{},"size":[50],"stargazers_count":[1],"watchers_count":[1],"language":["JavaScript"],"has_issues":[true],"has_projects":[true],"has_downloads":[true],"has_wiki":[true],"has_pages":[false],"forks_count":[0],"mirror_url":{},"archived":[false],"open_issues_count":[0],"license":{"key":["mit"],"name":["MIT License"],"spdx_id":["MIT"],"url":["https://api.github.com/licenses/mit"],"node_id":["MDc6TGljZW5zZTEz"]},"forks":[0],"open_issues":[0],"watchers":[1],"default_branch":["master"],"permissions":{"admin":[false],"push":[false],"pull":[true]}}
