{"id":[145746859],"node_id":["MDEwOlJlcG9zaXRvcnkxNDU3NDY4NTk="],"name":["tiny-schema"],"full_name":["JoshuaWise/tiny-schema"],"private":[false],"owner":{"login":["JoshuaWise"],"id":[8255757],"node_id":["MDQ6VXNlcjgyNTU3NTc="],"avatar_url":["https://avatars1.githubusercontent.com/u/8255757?v=4"],"gravatar_id":[""],"url":["https://api.github.com/users/JoshuaWise"],"html_url":["https://github.com/JoshuaWise"],"followers_url":["https://api.github.com/users/JoshuaWise/followers"],"following_url":["https://api.github.com/users/JoshuaWise/following{/other_user}"],"gists_url":["https://api.github.com/users/JoshuaWise/gists{/gist_id}"],"starred_url":["https://api.github.com/users/JoshuaWise/starred{/owner}{/repo}"],"subscriptions_url":["https://api.github.com/users/JoshuaWise/subscriptions"],"organizations_url":["https://api.github.com/users/JoshuaWise/orgs"],"repos_url":["https://api.github.com/users/JoshuaWise/repos"],"events_url":["https://api.github.com/users/JoshuaWise/events{/privacy}"],"received_events_url":["https://api.github.com/users/JoshuaWise/received_events"],"type":["User"],"site_admin":[false]},"html_url":["https://github.com/JoshuaWise/tiny-schema"],"description":["A minimalistic JSON validator 💍"],"fork":[false],"url":["https://api.github.com/repos/JoshuaWise/tiny-schema"],"forks_url":["https://api.github.com/repos/JoshuaWise/tiny-schema/forks"],"keys_url":["https://api.github.com/repos/JoshuaWise/tiny-schema/keys{/key_id}"],"collaborators_url":["https://api.github.com/repos/JoshuaWise/tiny-schema/collaborators{/collaborator}"],"teams_url":["https://api.github.com/repos/JoshuaWise/tiny-schema/teams"],"hooks_url":["https://api.github.com/repos/JoshuaWise/tiny-schema/hooks"],"issue_events_url":["https://api.github.com/repos/JoshuaWise/tiny-schema/issues/events{/number}"],"events_url":["https://api.github.com/repos/JoshuaWise/tiny-schema/events"],"assignees_url":["https://api.github.com/repos/JoshuaWise/tiny-schema/assignees{/user}"],"branches_url":["https://api.github.com/repos/JoshuaWise/tiny-schema/branches{/branch}"],"tags_url":["https://api.github.com/repos/JoshuaWise/tiny-schema/tags"],"blobs_url":["https://api.github.com/repos/JoshuaWise/tiny-schema/git/blobs{/sha}"],"git_tags_url":["https://api.github.com/repos/JoshuaWise/tiny-schema/git/tags{/sha}"],"git_refs_url":["https://api.github.com/repos/JoshuaWise/tiny-schema/git/refs{/sha}"],"trees_url":["https://api.github.com/repos/JoshuaWise/tiny-schema/git/trees{/sha}"],"statuses_url":["https://api.github.com/repos/JoshuaWise/tiny-schema/statuses/{sha}"],"languages_url":["https://api.github.com/repos/JoshuaWise/tiny-schema/languages"],"stargazers_url":["https://api.github.com/repos/JoshuaWise/tiny-schema/stargazers"],"contributors_url":["https://api.github.com/repos/JoshuaWise/tiny-schema/contributors"],"subscribers_url":["https://api.github.com/repos/JoshuaWise/tiny-schema/subscribers"],"subscription_url":["https://api.github.com/repos/JoshuaWise/tiny-schema/subscription"],"commits_url":["https://api.github.com/repos/JoshuaWise/tiny-schema/commits{/sha}"],"git_commits_url":["https://api.github.com/repos/JoshuaWise/tiny-schema/git/commits{/sha}"],"comments_url":["https://api.github.com/repos/JoshuaWise/tiny-schema/comments{/number}"],"issue_comment_url":["https://api.github.com/repos/JoshuaWise/tiny-schema/issues/comments{/number}"],"contents_url":["https://api.github.com/repos/JoshuaWise/tiny-schema/contents/{+path}"],"compare_url":["https://api.github.com/repos/JoshuaWise/tiny-schema/compare/{base}...{head}"],"merges_url":["https://api.github.com/repos/JoshuaWise/tiny-schema/merges"],"archive_url":["https://api.github.com/repos/JoshuaWise/tiny-schema/{archive_format}{/ref}"],"downloads_url":["https://api.github.com/repos/JoshuaWise/tiny-schema/downloads"],"issues_url":["https://api.github.com/repos/JoshuaWise/tiny-schema/issues{/number}"],"pulls_url":["https://api.github.com/repos/JoshuaWise/tiny-schema/pulls{/number}"],"milestones_url":["https://api.github.com/repos/JoshuaWise/tiny-schema/milestones{/number}"],"notifications_url":["https://api.github.com/repos/JoshuaWise/tiny-schema/notifications{?since,all,participating}"],"labels_url":["https://api.github.com/repos/JoshuaWise/tiny-schema/labels{/name}"],"releases_url":["https://api.github.com/repos/JoshuaWise/tiny-schema/releases{/id}"],"deployments_url":["https://api.github.com/repos/JoshuaWise/tiny-schema/deployments"],"created_at":["2018-08-22T18:23:09Z"],"updated_at":["2018-12-26T00:23:14Z"],"pushed_at":["2018-09-04T04:04:10Z"],"git_url":["git://github.com/JoshuaWise/tiny-schema.git"],"ssh_url":["git@github.com:JoshuaWise/tiny-schema.git"],"clone_url":["https://github.com/JoshuaWise/tiny-schema.git"],"svn_url":["https://github.com/JoshuaWise/tiny-schema"],"homepage":[""],"size":[47],"stargazers_count":[2],"watchers_count":[2],"language":["JavaScript"],"has_issues":[true],"has_projects":[true],"has_downloads":[true],"has_wiki":[true],"has_pages":[false],"forks_count":[0],"mirror_url":{},"archived":[false],"open_issues_count":[0],"license":{"key":["mit"],"name":["MIT License"],"spdx_id":["MIT"],"url":["https://api.github.com/licenses/mit"],"node_id":["MDc6TGljZW5zZTEz"]},"forks":[0],"open_issues":[0],"watchers":[2],"default_branch":["master"],"permissions":{"admin":[false],"push":[false],"pull":[true]}}
