{"id":[149655242],"node_id":["MDEwOlJlcG9zaXRvcnkxNDk2NTUyNDI="],"name":["package-require"],"full_name":["JoshuaWise/package-require"],"private":[false],"owner":{"login":["JoshuaWise"],"id":[8255757],"node_id":["MDQ6VXNlcjgyNTU3NTc="],"avatar_url":["https://avatars1.githubusercontent.com/u/8255757?v=4"],"gravatar_id":[""],"url":["https://api.github.com/users/JoshuaWise"],"html_url":["https://github.com/JoshuaWise"],"followers_url":["https://api.github.com/users/JoshuaWise/followers"],"following_url":["https://api.github.com/users/JoshuaWise/following{/other_user}"],"gists_url":["https://api.github.com/users/JoshuaWise/gists{/gist_id}"],"starred_url":["https://api.github.com/users/JoshuaWise/starred{/owner}{/repo}"],"subscriptions_url":["https://api.github.com/users/JoshuaWise/subscriptions"],"organizations_url":["https://api.github.com/users/JoshuaWise/orgs"],"repos_url":["https://api.github.com/users/JoshuaWise/repos"],"events_url":["https://api.github.com/users/JoshuaWise/events{/privacy}"],"received_events_url":["https://api.github.com/users/JoshuaWise/received_events"],"type":["User"],"site_admin":[false]},"html_url":["https://github.com/JoshuaWise/package-require"],"description":["Require Node.js modules relative to the root of your project"],"fork":[false],"url":["https://api.github.com/repos/JoshuaWise/package-require"],"forks_url":["https://api.github.com/repos/JoshuaWise/package-require/forks"],"keys_url":["https://api.github.com/repos/JoshuaWise/package-require/keys{/key_id}"],"collaborators_url":["https://api.github.com/repos/JoshuaWise/package-require/collaborators{/collaborator}"],"teams_url":["https://api.github.com/repos/JoshuaWise/package-require/teams"],"hooks_url":["https://api.github.com/repos/JoshuaWise/package-require/hooks"],"issue_events_url":["https://api.github.com/repos/JoshuaWise/package-require/issues/events{/number}"],"events_url":["https://api.github.com/repos/JoshuaWise/package-require/events"],"assignees_url":["https://api.github.com/repos/JoshuaWise/package-require/assignees{/user}"],"branches_url":["https://api.github.com/repos/JoshuaWise/package-require/branches{/branch}"],"tags_url":["https://api.github.com/repos/JoshuaWise/package-require/tags"],"blobs_url":["https://api.github.com/repos/JoshuaWise/package-require/git/blobs{/sha}"],"git_tags_url":["https://api.github.com/repos/JoshuaWise/package-require/git/tags{/sha}"],"git_refs_url":["https://api.github.com/repos/JoshuaWise/package-require/git/refs{/sha}"],"trees_url":["https://api.github.com/repos/JoshuaWise/package-require/git/trees{/sha}"],"statuses_url":["https://api.github.com/repos/JoshuaWise/package-require/statuses/{sha}"],"languages_url":["https://api.github.com/repos/JoshuaWise/package-require/languages"],"stargazers_url":["https://api.github.com/repos/JoshuaWise/package-require/stargazers"],"contributors_url":["https://api.github.com/repos/JoshuaWise/package-require/contributors"],"subscribers_url":["https://api.github.com/repos/JoshuaWise/package-require/subscribers"],"subscription_url":["https://api.github.com/repos/JoshuaWise/package-require/subscription"],"commits_url":["https://api.github.com/repos/JoshuaWise/package-require/commits{/sha}"],"git_commits_url":["https://api.github.com/repos/JoshuaWise/package-require/git/commits{/sha}"],"comments_url":["https://api.github.com/repos/JoshuaWise/package-require/comments{/number}"],"issue_comment_url":["https://api.github.com/repos/JoshuaWise/package-require/issues/comments{/number}"],"contents_url":["https://api.github.com/repos/JoshuaWise/package-require/contents/{+path}"],"compare_url":["https://api.github.com/repos/JoshuaWise/package-require/compare/{base}...{head}"],"merges_url":["https://api.github.com/repos/JoshuaWise/package-require/merges"],"archive_url":["https://api.github.com/repos/JoshuaWise/package-require/{archive_format}{/ref}"],"downloads_url":["https://api.github.com/repos/JoshuaWise/package-require/downloads"],"issues_url":["https://api.github.com/repos/JoshuaWise/package-require/issues{/number}"],"pulls_url":["https://api.github.com/repos/JoshuaWise/package-require/pulls{/number}"],"milestones_url":["https://api.github.com/repos/JoshuaWise/package-require/milestones{/number}"],"notifications_url":["https://api.github.com/repos/JoshuaWise/package-require/notifications{?since,all,participating}"],"labels_url":["https://api.github.com/repos/JoshuaWise/package-require/labels{/name}"],"releases_url":["https://api.github.com/repos/JoshuaWise/package-require/releases{/id}"],"deployments_url":["https://api.github.com/repos/JoshuaWise/package-require/deployments"],"created_at":["2018-09-20T18:47:49Z"],"updated_at":["2018-09-20T21:02:40Z"],"pushed_at":["2018-09-20T21:02:39Z"],"git_url":["git://github.com/JoshuaWise/package-require.git"],"ssh_url":["git@github.com:JoshuaWise/package-require.git"],"clone_url":["https://github.com/JoshuaWise/package-require.git"],"svn_url":["https://github.com/JoshuaWise/package-require"],"homepage":{},"size":[7],"stargazers_count":[1],"watchers_count":[1],"language":["JavaScript"],"has_issues":[true],"has_projects":[true],"has_downloads":[true],"has_wiki":[true],"has_pages":[false],"forks_count":[0],"mirror_url":{},"archived":[false],"open_issues_count":[0],"license":{"key":["mit"],"name":["MIT License"],"spdx_id":["MIT"],"url":["https://api.github.com/licenses/mit"],"node_id":["MDc6TGljZW5zZTEz"]},"forks":[0],"open_issues":[0],"watchers":[1],"default_branch":["master"],"permissions":{"admin":[false],"push":[false],"pull":[true]}}
