{"id":[156640945],"node_id":["MDEwOlJlcG9zaXRvcnkxNTY2NDA5NDU="],"name":["diseasy"],"full_name":["JoshuaWise/diseasy"],"private":[false],"owner":{"login":["JoshuaWise"],"id":[8255757],"node_id":["MDQ6VXNlcjgyNTU3NTc="],"avatar_url":["https://avatars1.githubusercontent.com/u/8255757?v=4"],"gravatar_id":[""],"url":["https://api.github.com/users/JoshuaWise"],"html_url":["https://github.com/JoshuaWise"],"followers_url":["https://api.github.com/users/JoshuaWise/followers"],"following_url":["https://api.github.com/users/JoshuaWise/following{/other_user}"],"gists_url":["https://api.github.com/users/JoshuaWise/gists{/gist_id}"],"starred_url":["https://api.github.com/users/JoshuaWise/starred{/owner}{/repo}"],"subscriptions_url":["https://api.github.com/users/JoshuaWise/subscriptions"],"organizations_url":["https://api.github.com/users/JoshuaWise/orgs"],"repos_url":["https://api.github.com/users/JoshuaWise/repos"],"events_url":["https://api.github.com/users/JoshuaWise/events{/privacy}"],"received_events_url":["https://api.github.com/users/JoshuaWise/received_events"],"type":["User"],"site_admin":[false]},"html_url":["https://github.com/JoshuaWise/diseasy"],"description":["An easy-to-use Discord client"],"fork":[false],"url":["https://api.github.com/repos/JoshuaWise/diseasy"],"forks_url":["https://api.github.com/repos/JoshuaWise/diseasy/forks"],"keys_url":["https://api.github.com/repos/JoshuaWise/diseasy/keys{/key_id}"],"collaborators_url":["https://api.github.com/repos/JoshuaWise/diseasy/collaborators{/collaborator}"],"teams_url":["https://api.github.com/repos/JoshuaWise/diseasy/teams"],"hooks_url":["https://api.github.com/repos/JoshuaWise/diseasy/hooks"],"issue_events_url":["https://api.github.com/repos/JoshuaWise/diseasy/issues/events{/number}"],"events_url":["https://api.github.com/repos/JoshuaWise/diseasy/events"],"assignees_url":["https://api.github.com/repos/JoshuaWise/diseasy/assignees{/user}"],"branches_url":["https://api.github.com/repos/JoshuaWise/diseasy/branches{/branch}"],"tags_url":["https://api.github.com/repos/JoshuaWise/diseasy/tags"],"blobs_url":["https://api.github.com/repos/JoshuaWise/diseasy/git/blobs{/sha}"],"git_tags_url":["https://api.github.com/repos/JoshuaWise/diseasy/git/tags{/sha}"],"git_refs_url":["https://api.github.com/repos/JoshuaWise/diseasy/git/refs{/sha}"],"trees_url":["https://api.github.com/repos/JoshuaWise/diseasy/git/trees{/sha}"],"statuses_url":["https://api.github.com/repos/JoshuaWise/diseasy/statuses/{sha}"],"languages_url":["https://api.github.com/repos/JoshuaWise/diseasy/languages"],"stargazers_url":["https://api.github.com/repos/JoshuaWise/diseasy/stargazers"],"contributors_url":["https://api.github.com/repos/JoshuaWise/diseasy/contributors"],"subscribers_url":["https://api.github.com/repos/JoshuaWise/diseasy/subscribers"],"subscription_url":["https://api.github.com/repos/JoshuaWise/diseasy/subscription"],"commits_url":["https://api.github.com/repos/JoshuaWise/diseasy/commits{/sha}"],"git_commits_url":["https://api.github.com/repos/JoshuaWise/diseasy/git/commits{/sha}"],"comments_url":["https://api.github.com/repos/JoshuaWise/diseasy/comments{/number}"],"issue_comment_url":["https://api.github.com/repos/JoshuaWise/diseasy/issues/comments{/number}"],"contents_url":["https://api.github.com/repos/JoshuaWise/diseasy/contents/{+path}"],"compare_url":["https://api.github.com/repos/JoshuaWise/diseasy/compare/{base}...{head}"],"merges_url":["https://api.github.com/repos/JoshuaWise/diseasy/merges"],"archive_url":["https://api.github.com/repos/JoshuaWise/diseasy/{archive_format}{/ref}"],"downloads_url":["https://api.github.com/repos/JoshuaWise/diseasy/downloads"],"issues_url":["https://api.github.com/repos/JoshuaWise/diseasy/issues{/number}"],"pulls_url":["https://api.github.com/repos/JoshuaWise/diseasy/pulls{/number}"],"milestones_url":["https://api.github.com/repos/JoshuaWise/diseasy/milestones{/number}"],"notifications_url":["https://api.github.com/repos/JoshuaWise/diseasy/notifications{?since,all,participating}"],"labels_url":["https://api.github.com/repos/JoshuaWise/diseasy/labels{/name}"],"releases_url":["https://api.github.com/repos/JoshuaWise/diseasy/releases{/id}"],"deployments_url":["https://api.github.com/repos/JoshuaWise/diseasy/deployments"],"created_at":["2018-11-08T02:49:19Z"],"updated_at":["2019-02-20T12:52:17Z"],"pushed_at":["2018-11-12T07:05:03Z"],"git_url":["git://github.com/JoshuaWise/diseasy.git"],"ssh_url":["git@github.com:JoshuaWise/diseasy.git"],"clone_url":["https://github.com/JoshuaWise/diseasy.git"],"svn_url":["https://github.com/JoshuaWise/diseasy"],"homepage":{},"size":[15],"stargazers_count":[2],"watchers_count":[2],"language":["JavaScript"],"has_issues":[true],"has_projects":[true],"has_downloads":[true],"has_wiki":[true],"has_pages":[false],"forks_count":[0],"mirror_url":{},"archived":[false],"open_issues_count":[0],"license":{"key":["mit"],"name":["MIT License"],"spdx_id":["MIT"],"url":["https://api.github.com/licenses/mit"],"node_id":["MDc6TGljZW5zZTEz"]},"forks":[0],"open_issues":[0],"watchers":[2],"default_branch":["master"],"permissions":{"admin":[false],"push":[false],"pull":[true]}}
