{"id":[168378396],"node_id":["MDEwOlJlcG9zaXRvcnkxNjgzNzgzOTY="],"name":["sqleet"],"full_name":["JoshuaWise/sqleet"],"private":[false],"owner":{"login":["JoshuaWise"],"id":[8255757],"node_id":["MDQ6VXNlcjgyNTU3NTc="],"avatar_url":["https://avatars1.githubusercontent.com/u/8255757?v=4"],"gravatar_id":[""],"url":["https://api.github.com/users/JoshuaWise"],"html_url":["https://github.com/JoshuaWise"],"followers_url":["https://api.github.com/users/JoshuaWise/followers"],"following_url":["https://api.github.com/users/JoshuaWise/following{/other_user}"],"gists_url":["https://api.github.com/users/JoshuaWise/gists{/gist_id}"],"starred_url":["https://api.github.com/users/JoshuaWise/starred{/owner}{/repo}"],"subscriptions_url":["https://api.github.com/users/JoshuaWise/subscriptions"],"organizations_url":["https://api.github.com/users/JoshuaWise/orgs"],"repos_url":["https://api.github.com/users/JoshuaWise/repos"],"events_url":["https://api.github.com/users/JoshuaWise/events{/privacy}"],"received_events_url":["https://api.github.com/users/JoshuaWise/received_events"],"type":["User"],"site_admin":[false]},"html_url":["https://github.com/JoshuaWise/sqleet"],"description":["SQLite3 encryption that sucks less"],"fork":[true],"url":["https://api.github.com/repos/JoshuaWise/sqleet"],"forks_url":["https://api.github.com/repos/JoshuaWise/sqleet/forks"],"keys_url":["https://api.github.com/repos/JoshuaWise/sqleet/keys{/key_id}"],"collaborators_url":["https://api.github.com/repos/JoshuaWise/sqleet/collaborators{/collaborator}"],"teams_url":["https://api.github.com/repos/JoshuaWise/sqleet/teams"],"hooks_url":["https://api.github.com/repos/JoshuaWise/sqleet/hooks"],"issue_events_url":["https://api.github.com/repos/JoshuaWise/sqleet/issues/events{/number}"],"events_url":["https://api.github.com/repos/JoshuaWise/sqleet/events"],"assignees_url":["https://api.github.com/repos/JoshuaWise/sqleet/assignees{/user}"],"branches_url":["https://api.github.com/repos/JoshuaWise/sqleet/branches{/branch}"],"tags_url":["https://api.github.com/repos/JoshuaWise/sqleet/tags"],"blobs_url":["https://api.github.com/repos/JoshuaWise/sqleet/git/blobs{/sha}"],"git_tags_url":["https://api.github.com/repos/JoshuaWise/sqleet/git/tags{/sha}"],"git_refs_url":["https://api.github.com/repos/JoshuaWise/sqleet/git/refs{/sha}"],"trees_url":["https://api.github.com/repos/JoshuaWise/sqleet/git/trees{/sha}"],"statuses_url":["https://api.github.com/repos/JoshuaWise/sqleet/statuses/{sha}"],"languages_url":["https://api.github.com/repos/JoshuaWise/sqleet/languages"],"stargazers_url":["https://api.github.com/repos/JoshuaWise/sqleet/stargazers"],"contributors_url":["https://api.github.com/repos/JoshuaWise/sqleet/contributors"],"subscribers_url":["https://api.github.com/repos/JoshuaWise/sqleet/subscribers"],"subscription_url":["https://api.github.com/repos/JoshuaWise/sqleet/subscription"],"commits_url":["https://api.github.com/repos/JoshuaWise/sqleet/commits{/sha}"],"git_commits_url":["https://api.github.com/repos/JoshuaWise/sqleet/git/commits{/sha}"],"comments_url":["https://api.github.com/repos/JoshuaWise/sqleet/comments{/number}"],"issue_comment_url":["https://api.github.com/repos/JoshuaWise/sqleet/issues/comments{/number}"],"contents_url":["https://api.github.com/repos/JoshuaWise/sqleet/contents/{+path}"],"compare_url":["https://api.github.com/repos/JoshuaWise/sqleet/compare/{base}...{head}"],"merges_url":["https://api.github.com/repos/JoshuaWise/sqleet/merges"],"archive_url":["https://api.github.com/repos/JoshuaWise/sqleet/{archive_format}{/ref}"],"downloads_url":["https://api.github.com/repos/JoshuaWise/sqleet/downloads"],"issues_url":["https://api.github.com/repos/JoshuaWise/sqleet/issues{/number}"],"pulls_url":["https://api.github.com/repos/JoshuaWise/sqleet/pulls{/number}"],"milestones_url":["https://api.github.com/repos/JoshuaWise/sqleet/milestones{/number}"],"notifications_url":["https://api.github.com/repos/JoshuaWise/sqleet/notifications{?since,all,participating}"],"labels_url":["https://api.github.com/repos/JoshuaWise/sqleet/labels{/name}"],"releases_url":["https://api.github.com/repos/JoshuaWise/sqleet/releases{/id}"],"deployments_url":["https://api.github.com/repos/JoshuaWise/sqleet/deployments"],"created_at":["2019-01-30T16:45:12Z"],"updated_at":["2019-01-30T16:45:15Z"],"pushed_at":["2019-02-12T22:38:26Z"],"git_url":["git://github.com/JoshuaWise/sqleet.git"],"ssh_url":["git@github.com:JoshuaWise/sqleet.git"],"clone_url":["https://github.com/JoshuaWise/sqleet.git"],"svn_url":["https://github.com/JoshuaWise/sqleet"],"homepage":{},"size":[5664],"stargazers_count":[0],"watchers_count":[0],"language":["C"],"has_issues":[false],"has_projects":[true],"has_downloads":[true],"has_wiki":[true],"has_pages":[false],"forks_count":[0],"mirror_url":{},"archived":[false],"open_issues_count":[0],"license":{"key":["unlicense"],"name":["The Unlicense"],"spdx_id":["Unlicense"],"url":["https://api.github.com/licenses/unlicense"],"node_id":["MDc6TGljZW5zZTE1"]},"forks":[0],"open_issues":[0],"watchers":[0],"default_branch":["master"],"permissions":{"admin":[false],"push":[false],"pull":[true]}}
