{"id":[31817744],"node_id":["MDEwOlJlcG9zaXRvcnkzMTgxNzc0NA=="],"name":["javascript-ultimate"],"full_name":["JoshuaWise/javascript-ultimate"],"private":[false],"owner":{"login":["JoshuaWise"],"id":[8255757],"node_id":["MDQ6VXNlcjgyNTU3NTc="],"avatar_url":["https://avatars1.githubusercontent.com/u/8255757?v=4"],"gravatar_id":[""],"url":["https://api.github.com/users/JoshuaWise"],"html_url":["https://github.com/JoshuaWise"],"followers_url":["https://api.github.com/users/JoshuaWise/followers"],"following_url":["https://api.github.com/users/JoshuaWise/following{/other_user}"],"gists_url":["https://api.github.com/users/JoshuaWise/gists{/gist_id}"],"starred_url":["https://api.github.com/users/JoshuaWise/starred{/owner}{/repo}"],"subscriptions_url":["https://api.github.com/users/JoshuaWise/subscriptions"],"organizations_url":["https://api.github.com/users/JoshuaWise/orgs"],"repos_url":["https://api.github.com/users/JoshuaWise/repos"],"events_url":["https://api.github.com/users/JoshuaWise/events{/privacy}"],"received_events_url":["https://api.github.com/users/JoshuaWise/received_events"],"type":["User"],"site_admin":[false]},"html_url":["https://github.com/JoshuaWise/javascript-ultimate"],"description":["Perfect JavaScript syntax for Sublime Text 3"],"fork":[false],"url":["https://api.github.com/repos/JoshuaWise/javascript-ultimate"],"forks_url":["https://api.github.com/repos/JoshuaWise/javascript-ultimate/forks"],"keys_url":["https://api.github.com/repos/JoshuaWise/javascript-ultimate/keys{/key_id}"],"collaborators_url":["https://api.github.com/repos/JoshuaWise/javascript-ultimate/collaborators{/collaborator}"],"teams_url":["https://api.github.com/repos/JoshuaWise/javascript-ultimate/teams"],"hooks_url":["https://api.github.com/repos/JoshuaWise/javascript-ultimate/hooks"],"issue_events_url":["https://api.github.com/repos/JoshuaWise/javascript-ultimate/issues/events{/number}"],"events_url":["https://api.github.com/repos/JoshuaWise/javascript-ultimate/events"],"assignees_url":["https://api.github.com/repos/JoshuaWise/javascript-ultimate/assignees{/user}"],"branches_url":["https://api.github.com/repos/JoshuaWise/javascript-ultimate/branches{/branch}"],"tags_url":["https://api.github.com/repos/JoshuaWise/javascript-ultimate/tags"],"blobs_url":["https://api.github.com/repos/JoshuaWise/javascript-ultimate/git/blobs{/sha}"],"git_tags_url":["https://api.github.com/repos/JoshuaWise/javascript-ultimate/git/tags{/sha}"],"git_refs_url":["https://api.github.com/repos/JoshuaWise/javascript-ultimate/git/refs{/sha}"],"trees_url":["https://api.github.com/repos/JoshuaWise/javascript-ultimate/git/trees{/sha}"],"statuses_url":["https://api.github.com/repos/JoshuaWise/javascript-ultimate/statuses/{sha}"],"languages_url":["https://api.github.com/repos/JoshuaWise/javascript-ultimate/languages"],"stargazers_url":["https://api.github.com/repos/JoshuaWise/javascript-ultimate/stargazers"],"contributors_url":["https://api.github.com/repos/JoshuaWise/javascript-ultimate/contributors"],"subscribers_url":["https://api.github.com/repos/JoshuaWise/javascript-ultimate/subscribers"],"subscription_url":["https://api.github.com/repos/JoshuaWise/javascript-ultimate/subscription"],"commits_url":["https://api.github.com/repos/JoshuaWise/javascript-ultimate/commits{/sha}"],"git_commits_url":["https://api.github.com/repos/JoshuaWise/javascript-ultimate/git/commits{/sha}"],"comments_url":["https://api.github.com/repos/JoshuaWise/javascript-ultimate/comments{/number}"],"issue_comment_url":["https://api.github.com/repos/JoshuaWise/javascript-ultimate/issues/comments{/number}"],"contents_url":["https://api.github.com/repos/JoshuaWise/javascript-ultimate/contents/{+path}"],"compare_url":["https://api.github.com/repos/JoshuaWise/javascript-ultimate/compare/{base}...{head}"],"merges_url":["https://api.github.com/repos/JoshuaWise/javascript-ultimate/merges"],"archive_url":["https://api.github.com/repos/JoshuaWise/javascript-ultimate/{archive_format}{/ref}"],"downloads_url":["https://api.github.com/repos/JoshuaWise/javascript-ultimate/downloads"],"issues_url":["https://api.github.com/repos/JoshuaWise/javascript-ultimate/issues{/number}"],"pulls_url":["https://api.github.com/repos/JoshuaWise/javascript-ultimate/pulls{/number}"],"milestones_url":["https://api.github.com/repos/JoshuaWise/javascript-ultimate/milestones{/number}"],"notifications_url":["https://api.github.com/repos/JoshuaWise/javascript-ultimate/notifications{?since,all,participating}"],"labels_url":["https://api.github.com/repos/JoshuaWise/javascript-ultimate/labels{/name}"],"releases_url":["https://api.github.com/repos/JoshuaWise/javascript-ultimate/releases{/id}"],"deployments_url":["https://api.github.com/repos/JoshuaWise/javascript-ultimate/deployments"],"created_at":["2015-03-07T16:10:36Z"],"updated_at":["2019-03-12T23:19:32Z"],"pushed_at":["2018-10-13T22:11:06Z"],"git_url":["git://github.com/JoshuaWise/javascript-ultimate.git"],"ssh_url":["git@github.com:JoshuaWise/javascript-ultimate.git"],"clone_url":["https://github.com/JoshuaWise/javascript-ultimate.git"],"svn_url":["https://github.com/JoshuaWise/javascript-ultimate"],"homepage":[""],"size":[439],"stargazers_count":[40],"watchers_count":[40],"language":["JavaScript"],"has_issues":[true],"has_projects":[true],"has_downloads":[true],"has_wiki":[true],"has_pages":[false],"forks_count":[4],"mirror_url":{},"archived":[false],"open_issues_count":[6],"license":{"key":["mit"],"name":["MIT License"],"spdx_id":["MIT"],"url":["https://api.github.com/licenses/mit"],"node_id":["MDc6TGljZW5zZTEz"]},"forks":[4],"open_issues":[6],"watchers":[40],"default_branch":["master"],"permissions":{"admin":[false],"push":[false],"pull":[true]}}
