{"id":[32095410],"node_id":["MDEwOlJlcG9zaXRvcnkzMjA5NTQxMA=="],"name":["accept-webp"],"full_name":["JoshuaWise/accept-webp"],"private":[false],"owner":{"login":["JoshuaWise"],"id":[8255757],"node_id":["MDQ6VXNlcjgyNTU3NTc="],"avatar_url":["https://avatars1.githubusercontent.com/u/8255757?v=4"],"gravatar_id":[""],"url":["https://api.github.com/users/JoshuaWise"],"html_url":["https://github.com/JoshuaWise"],"followers_url":["https://api.github.com/users/JoshuaWise/followers"],"following_url":["https://api.github.com/users/JoshuaWise/following{/other_user}"],"gists_url":["https://api.github.com/users/JoshuaWise/gists{/gist_id}"],"starred_url":["https://api.github.com/users/JoshuaWise/starred{/owner}{/repo}"],"subscriptions_url":["https://api.github.com/users/JoshuaWise/subscriptions"],"organizations_url":["https://api.github.com/users/JoshuaWise/orgs"],"repos_url":["https://api.github.com/users/JoshuaWise/repos"],"events_url":["https://api.github.com/users/JoshuaWise/events{/privacy}"],"received_events_url":["https://api.github.com/users/JoshuaWise/received_events"],"type":["User"],"site_admin":[false]},"html_url":["https://github.com/JoshuaWise/accept-webp"],"description":["Connect/Express middleware for serving webp images when support is detected"],"fork":[true],"url":["https://api.github.com/repos/JoshuaWise/accept-webp"],"forks_url":["https://api.github.com/repos/JoshuaWise/accept-webp/forks"],"keys_url":["https://api.github.com/repos/JoshuaWise/accept-webp/keys{/key_id}"],"collaborators_url":["https://api.github.com/repos/JoshuaWise/accept-webp/collaborators{/collaborator}"],"teams_url":["https://api.github.com/repos/JoshuaWise/accept-webp/teams"],"hooks_url":["https://api.github.com/repos/JoshuaWise/accept-webp/hooks"],"issue_events_url":["https://api.github.com/repos/JoshuaWise/accept-webp/issues/events{/number}"],"events_url":["https://api.github.com/repos/JoshuaWise/accept-webp/events"],"assignees_url":["https://api.github.com/repos/JoshuaWise/accept-webp/assignees{/user}"],"branches_url":["https://api.github.com/repos/JoshuaWise/accept-webp/branches{/branch}"],"tags_url":["https://api.github.com/repos/JoshuaWise/accept-webp/tags"],"blobs_url":["https://api.github.com/repos/JoshuaWise/accept-webp/git/blobs{/sha}"],"git_tags_url":["https://api.github.com/repos/JoshuaWise/accept-webp/git/tags{/sha}"],"git_refs_url":["https://api.github.com/repos/JoshuaWise/accept-webp/git/refs{/sha}"],"trees_url":["https://api.github.com/repos/JoshuaWise/accept-webp/git/trees{/sha}"],"statuses_url":["https://api.github.com/repos/JoshuaWise/accept-webp/statuses/{sha}"],"languages_url":["https://api.github.com/repos/JoshuaWise/accept-webp/languages"],"stargazers_url":["https://api.github.com/repos/JoshuaWise/accept-webp/stargazers"],"contributors_url":["https://api.github.com/repos/JoshuaWise/accept-webp/contributors"],"subscribers_url":["https://api.github.com/repos/JoshuaWise/accept-webp/subscribers"],"subscription_url":["https://api.github.com/repos/JoshuaWise/accept-webp/subscription"],"commits_url":["https://api.github.com/repos/JoshuaWise/accept-webp/commits{/sha}"],"git_commits_url":["https://api.github.com/repos/JoshuaWise/accept-webp/git/commits{/sha}"],"comments_url":["https://api.github.com/repos/JoshuaWise/accept-webp/comments{/number}"],"issue_comment_url":["https://api.github.com/repos/JoshuaWise/accept-webp/issues/comments{/number}"],"contents_url":["https://api.github.com/repos/JoshuaWise/accept-webp/contents/{+path}"],"compare_url":["https://api.github.com/repos/JoshuaWise/accept-webp/compare/{base}...{head}"],"merges_url":["https://api.github.com/repos/JoshuaWise/accept-webp/merges"],"archive_url":["https://api.github.com/repos/JoshuaWise/accept-webp/{archive_format}{/ref}"],"downloads_url":["https://api.github.com/repos/JoshuaWise/accept-webp/downloads"],"issues_url":["https://api.github.com/repos/JoshuaWise/accept-webp/issues{/number}"],"pulls_url":["https://api.github.com/repos/JoshuaWise/accept-webp/pulls{/number}"],"milestones_url":["https://api.github.com/repos/JoshuaWise/accept-webp/milestones{/number}"],"notifications_url":["https://api.github.com/repos/JoshuaWise/accept-webp/notifications{?since,all,participating}"],"labels_url":["https://api.github.com/repos/JoshuaWise/accept-webp/labels{/name}"],"releases_url":["https://api.github.com/repos/JoshuaWise/accept-webp/releases{/id}"],"deployments_url":["https://api.github.com/repos/JoshuaWise/accept-webp/deployments"],"created_at":["2015-03-12T18:47:16Z"],"updated_at":["2018-06-13T01:51:57Z"],"pushed_at":["2015-03-13T08:05:57Z"],"git_url":["git://github.com/JoshuaWise/accept-webp.git"],"ssh_url":["git@github.com:JoshuaWise/accept-webp.git"],"clone_url":["https://github.com/JoshuaWise/accept-webp.git"],"svn_url":["https://github.com/JoshuaWise/accept-webp"],"homepage":[""],"size":[1692],"stargazers_count":[1],"watchers_count":[1],"language":["JavaScript"],"has_issues":[true],"has_projects":[true],"has_downloads":[true],"has_wiki":[true],"has_pages":[false],"forks_count":[1],"mirror_url":{},"archived":[true],"open_issues_count":[0],"license":{},"forks":[1],"open_issues":[0],"watchers":[1],"default_branch":["master"],"permissions":{"admin":[false],"push":[false],"pull":[true]}}
