{"id":[38289971],"node_id":["MDEwOlJlcG9zaXRvcnkzODI4OTk3MQ=="],"name":["tavern"],"full_name":["JoshuaWise/tavern"],"private":[false],"owner":{"login":["JoshuaWise"],"id":[8255757],"node_id":["MDQ6VXNlcjgyNTU3NTc="],"avatar_url":["https://avatars1.githubusercontent.com/u/8255757?v=4"],"gravatar_id":[""],"url":["https://api.github.com/users/JoshuaWise"],"html_url":["https://github.com/JoshuaWise"],"followers_url":["https://api.github.com/users/JoshuaWise/followers"],"following_url":["https://api.github.com/users/JoshuaWise/following{/other_user}"],"gists_url":["https://api.github.com/users/JoshuaWise/gists{/gist_id}"],"starred_url":["https://api.github.com/users/JoshuaWise/starred{/owner}{/repo}"],"subscriptions_url":["https://api.github.com/users/JoshuaWise/subscriptions"],"organizations_url":["https://api.github.com/users/JoshuaWise/orgs"],"repos_url":["https://api.github.com/users/JoshuaWise/repos"],"events_url":["https://api.github.com/users/JoshuaWise/events{/privacy}"],"received_events_url":["https://api.github.com/users/JoshuaWise/received_events"],"type":["User"],"site_admin":[false]},"html_url":["https://github.com/JoshuaWise/tavern"],"description":["A dead repo that I'm keeping around because I wrote a cool log parser for it."],"fork":[false],"url":["https://api.github.com/repos/JoshuaWise/tavern"],"forks_url":["https://api.github.com/repos/JoshuaWise/tavern/forks"],"keys_url":["https://api.github.com/repos/JoshuaWise/tavern/keys{/key_id}"],"collaborators_url":["https://api.github.com/repos/JoshuaWise/tavern/collaborators{/collaborator}"],"teams_url":["https://api.github.com/repos/JoshuaWise/tavern/teams"],"hooks_url":["https://api.github.com/repos/JoshuaWise/tavern/hooks"],"issue_events_url":["https://api.github.com/repos/JoshuaWise/tavern/issues/events{/number}"],"events_url":["https://api.github.com/repos/JoshuaWise/tavern/events"],"assignees_url":["https://api.github.com/repos/JoshuaWise/tavern/assignees{/user}"],"branches_url":["https://api.github.com/repos/JoshuaWise/tavern/branches{/branch}"],"tags_url":["https://api.github.com/repos/JoshuaWise/tavern/tags"],"blobs_url":["https://api.github.com/repos/JoshuaWise/tavern/git/blobs{/sha}"],"git_tags_url":["https://api.github.com/repos/JoshuaWise/tavern/git/tags{/sha}"],"git_refs_url":["https://api.github.com/repos/JoshuaWise/tavern/git/refs{/sha}"],"trees_url":["https://api.github.com/repos/JoshuaWise/tavern/git/trees{/sha}"],"statuses_url":["https://api.github.com/repos/JoshuaWise/tavern/statuses/{sha}"],"languages_url":["https://api.github.com/repos/JoshuaWise/tavern/languages"],"stargazers_url":["https://api.github.com/repos/JoshuaWise/tavern/stargazers"],"contributors_url":["https://api.github.com/repos/JoshuaWise/tavern/contributors"],"subscribers_url":["https://api.github.com/repos/JoshuaWise/tavern/subscribers"],"subscription_url":["https://api.github.com/repos/JoshuaWise/tavern/subscription"],"commits_url":["https://api.github.com/repos/JoshuaWise/tavern/commits{/sha}"],"git_commits_url":["https://api.github.com/repos/JoshuaWise/tavern/git/commits{/sha}"],"comments_url":["https://api.github.com/repos/JoshuaWise/tavern/comments{/number}"],"issue_comment_url":["https://api.github.com/repos/JoshuaWise/tavern/issues/comments{/number}"],"contents_url":["https://api.github.com/repos/JoshuaWise/tavern/contents/{+path}"],"compare_url":["https://api.github.com/repos/JoshuaWise/tavern/compare/{base}...{head}"],"merges_url":["https://api.github.com/repos/JoshuaWise/tavern/merges"],"archive_url":["https://api.github.com/repos/JoshuaWise/tavern/{archive_format}{/ref}"],"downloads_url":["https://api.github.com/repos/JoshuaWise/tavern/downloads"],"issues_url":["https://api.github.com/repos/JoshuaWise/tavern/issues{/number}"],"pulls_url":["https://api.github.com/repos/JoshuaWise/tavern/pulls{/number}"],"milestones_url":["https://api.github.com/repos/JoshuaWise/tavern/milestones{/number}"],"notifications_url":["https://api.github.com/repos/JoshuaWise/tavern/notifications{?since,all,participating}"],"labels_url":["https://api.github.com/repos/JoshuaWise/tavern/labels{/name}"],"releases_url":["https://api.github.com/repos/JoshuaWise/tavern/releases{/id}"],"deployments_url":["https://api.github.com/repos/JoshuaWise/tavern/deployments"],"created_at":["2015-06-30T05:39:51Z"],"updated_at":["2018-06-13T02:50:14Z"],"pushed_at":["2016-09-15T15:06:03Z"],"git_url":["git://github.com/JoshuaWise/tavern.git"],"ssh_url":["git@github.com:JoshuaWise/tavern.git"],"clone_url":["https://github.com/JoshuaWise/tavern.git"],"svn_url":["https://github.com/JoshuaWise/tavern"],"homepage":[""],"size":[40],"stargazers_count":[0],"watchers_count":[0],"language":["JavaScript"],"has_issues":[true],"has_projects":[true],"has_downloads":[true],"has_wiki":[true],"has_pages":[false],"forks_count":[0],"mirror_url":{},"archived":[true],"open_issues_count":[0],"license":{"key":["mit"],"name":["MIT License"],"spdx_id":["MIT"],"url":["https://api.github.com/licenses/mit"],"node_id":["MDc6TGljZW5zZTEz"]},"forks":[0],"open_issues":[0],"watchers":[0],"default_branch":["master"],"permissions":{"admin":[false],"push":[false],"pull":[true]}}
