{"id":[40418275],"node_id":["MDEwOlJlcG9zaXRvcnk0MDQxODI3NQ=="],"name":["cost"],"full_name":["JoshuaWise/cost"],"private":[false],"owner":{"login":["JoshuaWise"],"id":[8255757],"node_id":["MDQ6VXNlcjgyNTU3NTc="],"avatar_url":["https://avatars1.githubusercontent.com/u/8255757?v=4"],"gravatar_id":[""],"url":["https://api.github.com/users/JoshuaWise"],"html_url":["https://github.com/JoshuaWise"],"followers_url":["https://api.github.com/users/JoshuaWise/followers"],"following_url":["https://api.github.com/users/JoshuaWise/following{/other_user}"],"gists_url":["https://api.github.com/users/JoshuaWise/gists{/gist_id}"],"starred_url":["https://api.github.com/users/JoshuaWise/starred{/owner}{/repo}"],"subscriptions_url":["https://api.github.com/users/JoshuaWise/subscriptions"],"organizations_url":["https://api.github.com/users/JoshuaWise/orgs"],"repos_url":["https://api.github.com/users/JoshuaWise/repos"],"events_url":["https://api.github.com/users/JoshuaWise/events{/privacy}"],"received_events_url":["https://api.github.com/users/JoshuaWise/received_events"],"type":["User"],"site_admin":[false]},"html_url":["https://github.com/JoshuaWise/cost"],"description":["A CLI tool for checking the size of files, after minification and gzipping."],"fork":[false],"url":["https://api.github.com/repos/JoshuaWise/cost"],"forks_url":["https://api.github.com/repos/JoshuaWise/cost/forks"],"keys_url":["https://api.github.com/repos/JoshuaWise/cost/keys{/key_id}"],"collaborators_url":["https://api.github.com/repos/JoshuaWise/cost/collaborators{/collaborator}"],"teams_url":["https://api.github.com/repos/JoshuaWise/cost/teams"],"hooks_url":["https://api.github.com/repos/JoshuaWise/cost/hooks"],"issue_events_url":["https://api.github.com/repos/JoshuaWise/cost/issues/events{/number}"],"events_url":["https://api.github.com/repos/JoshuaWise/cost/events"],"assignees_url":["https://api.github.com/repos/JoshuaWise/cost/assignees{/user}"],"branches_url":["https://api.github.com/repos/JoshuaWise/cost/branches{/branch}"],"tags_url":["https://api.github.com/repos/JoshuaWise/cost/tags"],"blobs_url":["https://api.github.com/repos/JoshuaWise/cost/git/blobs{/sha}"],"git_tags_url":["https://api.github.com/repos/JoshuaWise/cost/git/tags{/sha}"],"git_refs_url":["https://api.github.com/repos/JoshuaWise/cost/git/refs{/sha}"],"trees_url":["https://api.github.com/repos/JoshuaWise/cost/git/trees{/sha}"],"statuses_url":["https://api.github.com/repos/JoshuaWise/cost/statuses/{sha}"],"languages_url":["https://api.github.com/repos/JoshuaWise/cost/languages"],"stargazers_url":["https://api.github.com/repos/JoshuaWise/cost/stargazers"],"contributors_url":["https://api.github.com/repos/JoshuaWise/cost/contributors"],"subscribers_url":["https://api.github.com/repos/JoshuaWise/cost/subscribers"],"subscription_url":["https://api.github.com/repos/JoshuaWise/cost/subscription"],"commits_url":["https://api.github.com/repos/JoshuaWise/cost/commits{/sha}"],"git_commits_url":["https://api.github.com/repos/JoshuaWise/cost/git/commits{/sha}"],"comments_url":["https://api.github.com/repos/JoshuaWise/cost/comments{/number}"],"issue_comment_url":["https://api.github.com/repos/JoshuaWise/cost/issues/comments{/number}"],"contents_url":["https://api.github.com/repos/JoshuaWise/cost/contents/{+path}"],"compare_url":["https://api.github.com/repos/JoshuaWise/cost/compare/{base}...{head}"],"merges_url":["https://api.github.com/repos/JoshuaWise/cost/merges"],"archive_url":["https://api.github.com/repos/JoshuaWise/cost/{archive_format}{/ref}"],"downloads_url":["https://api.github.com/repos/JoshuaWise/cost/downloads"],"issues_url":["https://api.github.com/repos/JoshuaWise/cost/issues{/number}"],"pulls_url":["https://api.github.com/repos/JoshuaWise/cost/pulls{/number}"],"milestones_url":["https://api.github.com/repos/JoshuaWise/cost/milestones{/number}"],"notifications_url":["https://api.github.com/repos/JoshuaWise/cost/notifications{?since,all,participating}"],"labels_url":["https://api.github.com/repos/JoshuaWise/cost/labels{/name}"],"releases_url":["https://api.github.com/repos/JoshuaWise/cost/releases{/id}"],"deployments_url":["https://api.github.com/repos/JoshuaWise/cost/deployments"],"created_at":["2015-08-08T22:32:29Z"],"updated_at":["2018-06-13T01:56:25Z"],"pushed_at":["2015-09-20T22:51:25Z"],"git_url":["git://github.com/JoshuaWise/cost.git"],"ssh_url":["git@github.com:JoshuaWise/cost.git"],"clone_url":["https://github.com/JoshuaWise/cost.git"],"svn_url":["https://github.com/JoshuaWise/cost"],"homepage":[""],"size":[236],"stargazers_count":[1],"watchers_count":[1],"language":["JavaScript"],"has_issues":[true],"has_projects":[true],"has_downloads":[true],"has_wiki":[true],"has_pages":[false],"forks_count":[0],"mirror_url":{},"archived":[true],"open_issues_count":[0],"license":{"key":["mit"],"name":["MIT License"],"spdx_id":["MIT"],"url":["https://api.github.com/licenses/mit"],"node_id":["MDc6TGljZW5zZTEz"]},"forks":[0],"open_issues":[0],"watchers":[1],"default_branch":["master"],"permissions":{"admin":[false],"push":[false],"pull":[true]}}
