{"id":[41049020],"node_id":["MDEwOlJlcG9zaXRvcnk0MTA0OTAyMA=="],"name":["limber"],"full_name":["JoshuaWise/limber"],"private":[false],"owner":{"login":["JoshuaWise"],"id":[8255757],"node_id":["MDQ6VXNlcjgyNTU3NTc="],"avatar_url":["https://avatars1.githubusercontent.com/u/8255757?v=4"],"gravatar_id":[""],"url":["https://api.github.com/users/JoshuaWise"],"html_url":["https://github.com/JoshuaWise"],"followers_url":["https://api.github.com/users/JoshuaWise/followers"],"following_url":["https://api.github.com/users/JoshuaWise/following{/other_user}"],"gists_url":["https://api.github.com/users/JoshuaWise/gists{/gist_id}"],"starred_url":["https://api.github.com/users/JoshuaWise/starred{/owner}{/repo}"],"subscriptions_url":["https://api.github.com/users/JoshuaWise/subscriptions"],"organizations_url":["https://api.github.com/users/JoshuaWise/orgs"],"repos_url":["https://api.github.com/users/JoshuaWise/repos"],"events_url":["https://api.github.com/users/JoshuaWise/events{/privacy}"],"received_events_url":["https://api.github.com/users/JoshuaWise/received_events"],"type":["User"],"site_admin":[false]},"html_url":["https://github.com/JoshuaWise/limber"],"description":["A tiny, flexible, front-end framework for building responsive websites"],"fork":[false],"url":["https://api.github.com/repos/JoshuaWise/limber"],"forks_url":["https://api.github.com/repos/JoshuaWise/limber/forks"],"keys_url":["https://api.github.com/repos/JoshuaWise/limber/keys{/key_id}"],"collaborators_url":["https://api.github.com/repos/JoshuaWise/limber/collaborators{/collaborator}"],"teams_url":["https://api.github.com/repos/JoshuaWise/limber/teams"],"hooks_url":["https://api.github.com/repos/JoshuaWise/limber/hooks"],"issue_events_url":["https://api.github.com/repos/JoshuaWise/limber/issues/events{/number}"],"events_url":["https://api.github.com/repos/JoshuaWise/limber/events"],"assignees_url":["https://api.github.com/repos/JoshuaWise/limber/assignees{/user}"],"branches_url":["https://api.github.com/repos/JoshuaWise/limber/branches{/branch}"],"tags_url":["https://api.github.com/repos/JoshuaWise/limber/tags"],"blobs_url":["https://api.github.com/repos/JoshuaWise/limber/git/blobs{/sha}"],"git_tags_url":["https://api.github.com/repos/JoshuaWise/limber/git/tags{/sha}"],"git_refs_url":["https://api.github.com/repos/JoshuaWise/limber/git/refs{/sha}"],"trees_url":["https://api.github.com/repos/JoshuaWise/limber/git/trees{/sha}"],"statuses_url":["https://api.github.com/repos/JoshuaWise/limber/statuses/{sha}"],"languages_url":["https://api.github.com/repos/JoshuaWise/limber/languages"],"stargazers_url":["https://api.github.com/repos/JoshuaWise/limber/stargazers"],"contributors_url":["https://api.github.com/repos/JoshuaWise/limber/contributors"],"subscribers_url":["https://api.github.com/repos/JoshuaWise/limber/subscribers"],"subscription_url":["https://api.github.com/repos/JoshuaWise/limber/subscription"],"commits_url":["https://api.github.com/repos/JoshuaWise/limber/commits{/sha}"],"git_commits_url":["https://api.github.com/repos/JoshuaWise/limber/git/commits{/sha}"],"comments_url":["https://api.github.com/repos/JoshuaWise/limber/comments{/number}"],"issue_comment_url":["https://api.github.com/repos/JoshuaWise/limber/issues/comments{/number}"],"contents_url":["https://api.github.com/repos/JoshuaWise/limber/contents/{+path}"],"compare_url":["https://api.github.com/repos/JoshuaWise/limber/compare/{base}...{head}"],"merges_url":["https://api.github.com/repos/JoshuaWise/limber/merges"],"archive_url":["https://api.github.com/repos/JoshuaWise/limber/{archive_format}{/ref}"],"downloads_url":["https://api.github.com/repos/JoshuaWise/limber/downloads"],"issues_url":["https://api.github.com/repos/JoshuaWise/limber/issues{/number}"],"pulls_url":["https://api.github.com/repos/JoshuaWise/limber/pulls{/number}"],"milestones_url":["https://api.github.com/repos/JoshuaWise/limber/milestones{/number}"],"notifications_url":["https://api.github.com/repos/JoshuaWise/limber/notifications{?since,all,participating}"],"labels_url":["https://api.github.com/repos/JoshuaWise/limber/labels{/name}"],"releases_url":["https://api.github.com/repos/JoshuaWise/limber/releases{/id}"],"deployments_url":["https://api.github.com/repos/JoshuaWise/limber/deployments"],"created_at":["2015-08-19T17:25:01Z"],"updated_at":["2019-03-24T22:16:14Z"],"pushed_at":["2019-03-24T22:15:40Z"],"git_url":["git://github.com/JoshuaWise/limber.git"],"ssh_url":["git@github.com:JoshuaWise/limber.git"],"clone_url":["https://github.com/JoshuaWise/limber.git"],"svn_url":["https://github.com/JoshuaWise/limber"],"homepage":{},"size":[216],"stargazers_count":[0],"watchers_count":[0],"language":["CSS"],"has_issues":[true],"has_projects":[true],"has_downloads":[true],"has_wiki":[true],"has_pages":[false],"forks_count":[0],"mirror_url":{},"archived":[true],"open_issues_count":[0],"license":{"key":["mit"],"name":["MIT License"],"spdx_id":["MIT"],"url":["https://api.github.com/licenses/mit"],"node_id":["MDc6TGljZW5zZTEz"]},"forks":[0],"open_issues":[0],"watchers":[0],"default_branch":["master"],"permissions":{"admin":[false],"push":[false],"pull":[true]}}
