{"id":[41886282],"node_id":["MDEwOlJlcG9zaXRvcnk0MTg4NjI4Mg=="],"name":["render-html"],"full_name":["JoshuaWise/render-html"],"private":[false],"owner":{"login":["JoshuaWise"],"id":[8255757],"node_id":["MDQ6VXNlcjgyNTU3NTc="],"avatar_url":["https://avatars1.githubusercontent.com/u/8255757?v=4"],"gravatar_id":[""],"url":["https://api.github.com/users/JoshuaWise"],"html_url":["https://github.com/JoshuaWise"],"followers_url":["https://api.github.com/users/JoshuaWise/followers"],"following_url":["https://api.github.com/users/JoshuaWise/following{/other_user}"],"gists_url":["https://api.github.com/users/JoshuaWise/gists{/gist_id}"],"starred_url":["https://api.github.com/users/JoshuaWise/starred{/owner}{/repo}"],"subscriptions_url":["https://api.github.com/users/JoshuaWise/subscriptions"],"organizations_url":["https://api.github.com/users/JoshuaWise/orgs"],"repos_url":["https://api.github.com/users/JoshuaWise/repos"],"events_url":["https://api.github.com/users/JoshuaWise/events{/privacy}"],"received_events_url":["https://api.github.com/users/JoshuaWise/received_events"],"type":["User"],"site_admin":[false]},"html_url":["https://github.com/JoshuaWise/render-html"],"description":["A library for easily performing transforms on html input."],"fork":[false],"url":["https://api.github.com/repos/JoshuaWise/render-html"],"forks_url":["https://api.github.com/repos/JoshuaWise/render-html/forks"],"keys_url":["https://api.github.com/repos/JoshuaWise/render-html/keys{/key_id}"],"collaborators_url":["https://api.github.com/repos/JoshuaWise/render-html/collaborators{/collaborator}"],"teams_url":["https://api.github.com/repos/JoshuaWise/render-html/teams"],"hooks_url":["https://api.github.com/repos/JoshuaWise/render-html/hooks"],"issue_events_url":["https://api.github.com/repos/JoshuaWise/render-html/issues/events{/number}"],"events_url":["https://api.github.com/repos/JoshuaWise/render-html/events"],"assignees_url":["https://api.github.com/repos/JoshuaWise/render-html/assignees{/user}"],"branches_url":["https://api.github.com/repos/JoshuaWise/render-html/branches{/branch}"],"tags_url":["https://api.github.com/repos/JoshuaWise/render-html/tags"],"blobs_url":["https://api.github.com/repos/JoshuaWise/render-html/git/blobs{/sha}"],"git_tags_url":["https://api.github.com/repos/JoshuaWise/render-html/git/tags{/sha}"],"git_refs_url":["https://api.github.com/repos/JoshuaWise/render-html/git/refs{/sha}"],"trees_url":["https://api.github.com/repos/JoshuaWise/render-html/git/trees{/sha}"],"statuses_url":["https://api.github.com/repos/JoshuaWise/render-html/statuses/{sha}"],"languages_url":["https://api.github.com/repos/JoshuaWise/render-html/languages"],"stargazers_url":["https://api.github.com/repos/JoshuaWise/render-html/stargazers"],"contributors_url":["https://api.github.com/repos/JoshuaWise/render-html/contributors"],"subscribers_url":["https://api.github.com/repos/JoshuaWise/render-html/subscribers"],"subscription_url":["https://api.github.com/repos/JoshuaWise/render-html/subscription"],"commits_url":["https://api.github.com/repos/JoshuaWise/render-html/commits{/sha}"],"git_commits_url":["https://api.github.com/repos/JoshuaWise/render-html/git/commits{/sha}"],"comments_url":["https://api.github.com/repos/JoshuaWise/render-html/comments{/number}"],"issue_comment_url":["https://api.github.com/repos/JoshuaWise/render-html/issues/comments{/number}"],"contents_url":["https://api.github.com/repos/JoshuaWise/render-html/contents/{+path}"],"compare_url":["https://api.github.com/repos/JoshuaWise/render-html/compare/{base}...{head}"],"merges_url":["https://api.github.com/repos/JoshuaWise/render-html/merges"],"archive_url":["https://api.github.com/repos/JoshuaWise/render-html/{archive_format}{/ref}"],"downloads_url":["https://api.github.com/repos/JoshuaWise/render-html/downloads"],"issues_url":["https://api.github.com/repos/JoshuaWise/render-html/issues{/number}"],"pulls_url":["https://api.github.com/repos/JoshuaWise/render-html/pulls{/number}"],"milestones_url":["https://api.github.com/repos/JoshuaWise/render-html/milestones{/number}"],"notifications_url":["https://api.github.com/repos/JoshuaWise/render-html/notifications{?since,all,participating}"],"labels_url":["https://api.github.com/repos/JoshuaWise/render-html/labels{/name}"],"releases_url":["https://api.github.com/repos/JoshuaWise/render-html/releases{/id}"],"deployments_url":["https://api.github.com/repos/JoshuaWise/render-html/deployments"],"created_at":["2015-09-03T22:11:37Z"],"updated_at":["2018-06-13T01:54:40Z"],"pushed_at":["2015-09-04T06:57:45Z"],"git_url":["git://github.com/JoshuaWise/render-html.git"],"ssh_url":["git@github.com:JoshuaWise/render-html.git"],"clone_url":["https://github.com/JoshuaWise/render-html.git"],"svn_url":["https://github.com/JoshuaWise/render-html"],"homepage":[""],"size":[232],"stargazers_count":[0],"watchers_count":[0],"language":["JavaScript"],"has_issues":[true],"has_projects":[true],"has_downloads":[true],"has_wiki":[true],"has_pages":[false],"forks_count":[0],"mirror_url":{},"archived":[true],"open_issues_count":[0],"license":{"key":["mit"],"name":["MIT License"],"spdx_id":["MIT"],"url":["https://api.github.com/licenses/mit"],"node_id":["MDc6TGljZW5zZTEz"]},"forks":[0],"open_issues":[0],"watchers":[0],"default_branch":["master"],"permissions":{"admin":[false],"push":[false],"pull":[true]}}
