{"id":[42690117],"node_id":["MDEwOlJlcG9zaXRvcnk0MjY5MDExNw=="],"name":["not-supported"],"full_name":["JoshuaWise/not-supported"],"private":[false],"owner":{"login":["JoshuaWise"],"id":[8255757],"node_id":["MDQ6VXNlcjgyNTU3NTc="],"avatar_url":["https://avatars1.githubusercontent.com/u/8255757?v=4"],"gravatar_id":[""],"url":["https://api.github.com/users/JoshuaWise"],"html_url":["https://github.com/JoshuaWise"],"followers_url":["https://api.github.com/users/JoshuaWise/followers"],"following_url":["https://api.github.com/users/JoshuaWise/following{/other_user}"],"gists_url":["https://api.github.com/users/JoshuaWise/gists{/gist_id}"],"starred_url":["https://api.github.com/users/JoshuaWise/starred{/owner}{/repo}"],"subscriptions_url":["https://api.github.com/users/JoshuaWise/subscriptions"],"organizations_url":["https://api.github.com/users/JoshuaWise/orgs"],"repos_url":["https://api.github.com/users/JoshuaWise/repos"],"events_url":["https://api.github.com/users/JoshuaWise/events{/privacy}"],"received_events_url":["https://api.github.com/users/JoshuaWise/received_events"],"type":["User"],"site_admin":[false]},"html_url":["https://github.com/JoshuaWise/not-supported"],"description":["A script that allows you to use HTML5 features with confidence, by informing non-HTML5 users of their heresy."],"fork":[false],"url":["https://api.github.com/repos/JoshuaWise/not-supported"],"forks_url":["https://api.github.com/repos/JoshuaWise/not-supported/forks"],"keys_url":["https://api.github.com/repos/JoshuaWise/not-supported/keys{/key_id}"],"collaborators_url":["https://api.github.com/repos/JoshuaWise/not-supported/collaborators{/collaborator}"],"teams_url":["https://api.github.com/repos/JoshuaWise/not-supported/teams"],"hooks_url":["https://api.github.com/repos/JoshuaWise/not-supported/hooks"],"issue_events_url":["https://api.github.com/repos/JoshuaWise/not-supported/issues/events{/number}"],"events_url":["https://api.github.com/repos/JoshuaWise/not-supported/events"],"assignees_url":["https://api.github.com/repos/JoshuaWise/not-supported/assignees{/user}"],"branches_url":["https://api.github.com/repos/JoshuaWise/not-supported/branches{/branch}"],"tags_url":["https://api.github.com/repos/JoshuaWise/not-supported/tags"],"blobs_url":["https://api.github.com/repos/JoshuaWise/not-supported/git/blobs{/sha}"],"git_tags_url":["https://api.github.com/repos/JoshuaWise/not-supported/git/tags{/sha}"],"git_refs_url":["https://api.github.com/repos/JoshuaWise/not-supported/git/refs{/sha}"],"trees_url":["https://api.github.com/repos/JoshuaWise/not-supported/git/trees{/sha}"],"statuses_url":["https://api.github.com/repos/JoshuaWise/not-supported/statuses/{sha}"],"languages_url":["https://api.github.com/repos/JoshuaWise/not-supported/languages"],"stargazers_url":["https://api.github.com/repos/JoshuaWise/not-supported/stargazers"],"contributors_url":["https://api.github.com/repos/JoshuaWise/not-supported/contributors"],"subscribers_url":["https://api.github.com/repos/JoshuaWise/not-supported/subscribers"],"subscription_url":["https://api.github.com/repos/JoshuaWise/not-supported/subscription"],"commits_url":["https://api.github.com/repos/JoshuaWise/not-supported/commits{/sha}"],"git_commits_url":["https://api.github.com/repos/JoshuaWise/not-supported/git/commits{/sha}"],"comments_url":["https://api.github.com/repos/JoshuaWise/not-supported/comments{/number}"],"issue_comment_url":["https://api.github.com/repos/JoshuaWise/not-supported/issues/comments{/number}"],"contents_url":["https://api.github.com/repos/JoshuaWise/not-supported/contents/{+path}"],"compare_url":["https://api.github.com/repos/JoshuaWise/not-supported/compare/{base}...{head}"],"merges_url":["https://api.github.com/repos/JoshuaWise/not-supported/merges"],"archive_url":["https://api.github.com/repos/JoshuaWise/not-supported/{archive_format}{/ref}"],"downloads_url":["https://api.github.com/repos/JoshuaWise/not-supported/downloads"],"issues_url":["https://api.github.com/repos/JoshuaWise/not-supported/issues{/number}"],"pulls_url":["https://api.github.com/repos/JoshuaWise/not-supported/pulls{/number}"],"milestones_url":["https://api.github.com/repos/JoshuaWise/not-supported/milestones{/number}"],"notifications_url":["https://api.github.com/repos/JoshuaWise/not-supported/notifications{?since,all,participating}"],"labels_url":["https://api.github.com/repos/JoshuaWise/not-supported/labels{/name}"],"releases_url":["https://api.github.com/repos/JoshuaWise/not-supported/releases{/id}"],"deployments_url":["https://api.github.com/repos/JoshuaWise/not-supported/deployments"],"created_at":["2015-09-18T00:28:37Z"],"updated_at":["2018-06-13T01:58:03Z"],"pushed_at":["2016-10-09T08:23:37Z"],"git_url":["git://github.com/JoshuaWise/not-supported.git"],"ssh_url":["git@github.com:JoshuaWise/not-supported.git"],"clone_url":["https://github.com/JoshuaWise/not-supported.git"],"svn_url":["https://github.com/JoshuaWise/not-supported"],"homepage":{},"size":[117],"stargazers_count":[1],"watchers_count":[1],"language":["JavaScript"],"has_issues":[true],"has_projects":[true],"has_downloads":[true],"has_wiki":[true],"has_pages":[false],"forks_count":[0],"mirror_url":{},"archived":[true],"open_issues_count":[0],"license":{"key":["mit"],"name":["MIT License"],"spdx_id":["MIT"],"url":["https://api.github.com/licenses/mit"],"node_id":["MDc6TGljZW5zZTEz"]},"forks":[0],"open_issues":[0],"watchers":[1],"default_branch":["master"],"permissions":{"admin":[false],"push":[false],"pull":[true]}}
