{"id":[50693341],"node_id":["MDEwOlJlcG9zaXRvcnk1MDY5MzM0MQ=="],"name":["search-drive"],"full_name":["JoshuaWise/search-drive"],"private":[false],"owner":{"login":["JoshuaWise"],"id":[8255757],"node_id":["MDQ6VXNlcjgyNTU3NTc="],"avatar_url":["https://avatars1.githubusercontent.com/u/8255757?v=4"],"gravatar_id":[""],"url":["https://api.github.com/users/JoshuaWise"],"html_url":["https://github.com/JoshuaWise"],"followers_url":["https://api.github.com/users/JoshuaWise/followers"],"following_url":["https://api.github.com/users/JoshuaWise/following{/other_user}"],"gists_url":["https://api.github.com/users/JoshuaWise/gists{/gist_id}"],"starred_url":["https://api.github.com/users/JoshuaWise/starred{/owner}{/repo}"],"subscriptions_url":["https://api.github.com/users/JoshuaWise/subscriptions"],"organizations_url":["https://api.github.com/users/JoshuaWise/orgs"],"repos_url":["https://api.github.com/users/JoshuaWise/repos"],"events_url":["https://api.github.com/users/JoshuaWise/events{/privacy}"],"received_events_url":["https://api.github.com/users/JoshuaWise/received_events"],"type":["User"],"site_admin":[false]},"html_url":["https://github.com/JoshuaWise/search-drive"],"description":["Searches the entire computer for all files and directories that match the given name."],"fork":[false],"url":["https://api.github.com/repos/JoshuaWise/search-drive"],"forks_url":["https://api.github.com/repos/JoshuaWise/search-drive/forks"],"keys_url":["https://api.github.com/repos/JoshuaWise/search-drive/keys{/key_id}"],"collaborators_url":["https://api.github.com/repos/JoshuaWise/search-drive/collaborators{/collaborator}"],"teams_url":["https://api.github.com/repos/JoshuaWise/search-drive/teams"],"hooks_url":["https://api.github.com/repos/JoshuaWise/search-drive/hooks"],"issue_events_url":["https://api.github.com/repos/JoshuaWise/search-drive/issues/events{/number}"],"events_url":["https://api.github.com/repos/JoshuaWise/search-drive/events"],"assignees_url":["https://api.github.com/repos/JoshuaWise/search-drive/assignees{/user}"],"branches_url":["https://api.github.com/repos/JoshuaWise/search-drive/branches{/branch}"],"tags_url":["https://api.github.com/repos/JoshuaWise/search-drive/tags"],"blobs_url":["https://api.github.com/repos/JoshuaWise/search-drive/git/blobs{/sha}"],"git_tags_url":["https://api.github.com/repos/JoshuaWise/search-drive/git/tags{/sha}"],"git_refs_url":["https://api.github.com/repos/JoshuaWise/search-drive/git/refs{/sha}"],"trees_url":["https://api.github.com/repos/JoshuaWise/search-drive/git/trees{/sha}"],"statuses_url":["https://api.github.com/repos/JoshuaWise/search-drive/statuses/{sha}"],"languages_url":["https://api.github.com/repos/JoshuaWise/search-drive/languages"],"stargazers_url":["https://api.github.com/repos/JoshuaWise/search-drive/stargazers"],"contributors_url":["https://api.github.com/repos/JoshuaWise/search-drive/contributors"],"subscribers_url":["https://api.github.com/repos/JoshuaWise/search-drive/subscribers"],"subscription_url":["https://api.github.com/repos/JoshuaWise/search-drive/subscription"],"commits_url":["https://api.github.com/repos/JoshuaWise/search-drive/commits{/sha}"],"git_commits_url":["https://api.github.com/repos/JoshuaWise/search-drive/git/commits{/sha}"],"comments_url":["https://api.github.com/repos/JoshuaWise/search-drive/comments{/number}"],"issue_comment_url":["https://api.github.com/repos/JoshuaWise/search-drive/issues/comments{/number}"],"contents_url":["https://api.github.com/repos/JoshuaWise/search-drive/contents/{+path}"],"compare_url":["https://api.github.com/repos/JoshuaWise/search-drive/compare/{base}...{head}"],"merges_url":["https://api.github.com/repos/JoshuaWise/search-drive/merges"],"archive_url":["https://api.github.com/repos/JoshuaWise/search-drive/{archive_format}{/ref}"],"downloads_url":["https://api.github.com/repos/JoshuaWise/search-drive/downloads"],"issues_url":["https://api.github.com/repos/JoshuaWise/search-drive/issues{/number}"],"pulls_url":["https://api.github.com/repos/JoshuaWise/search-drive/pulls{/number}"],"milestones_url":["https://api.github.com/repos/JoshuaWise/search-drive/milestones{/number}"],"notifications_url":["https://api.github.com/repos/JoshuaWise/search-drive/notifications{?since,all,participating}"],"labels_url":["https://api.github.com/repos/JoshuaWise/search-drive/labels{/name}"],"releases_url":["https://api.github.com/repos/JoshuaWise/search-drive/releases{/id}"],"deployments_url":["https://api.github.com/repos/JoshuaWise/search-drive/deployments"],"created_at":["2016-01-29T21:41:41Z"],"updated_at":["2016-01-29T21:54:01Z"],"pushed_at":["2016-01-30T23:32:22Z"],"git_url":["git://github.com/JoshuaWise/search-drive.git"],"ssh_url":["git@github.com:JoshuaWise/search-drive.git"],"clone_url":["https://github.com/JoshuaWise/search-drive.git"],"svn_url":["https://github.com/JoshuaWise/search-drive"],"homepage":{},"size":[4],"stargazers_count":[0],"watchers_count":[0],"language":["JavaScript"],"has_issues":[true],"has_projects":[true],"has_downloads":[true],"has_wiki":[true],"has_pages":[false],"forks_count":[0],"mirror_url":{},"archived":[false],"open_issues_count":[0],"license":{"key":["mit"],"name":["MIT License"],"spdx_id":["MIT"],"url":["https://api.github.com/licenses/mit"],"node_id":["MDc6TGljZW5zZTEz"]},"forks":[0],"open_issues":[0],"watchers":[0],"default_branch":["master"],"permissions":{"admin":[false],"push":[false],"pull":[true]}}
