{"id":[51416270],"node_id":["MDEwOlJlcG9zaXRvcnk1MTQxNjI3MA=="],"name":["jellyemitter"],"full_name":["JoshuaWise/jellyemitter"],"private":[false],"owner":{"login":["JoshuaWise"],"id":[8255757],"node_id":["MDQ6VXNlcjgyNTU3NTc="],"avatar_url":["https://avatars1.githubusercontent.com/u/8255757?v=4"],"gravatar_id":[""],"url":["https://api.github.com/users/JoshuaWise"],"html_url":["https://github.com/JoshuaWise"],"followers_url":["https://api.github.com/users/JoshuaWise/followers"],"following_url":["https://api.github.com/users/JoshuaWise/following{/other_user}"],"gists_url":["https://api.github.com/users/JoshuaWise/gists{/gist_id}"],"starred_url":["https://api.github.com/users/JoshuaWise/starred{/owner}{/repo}"],"subscriptions_url":["https://api.github.com/users/JoshuaWise/subscriptions"],"organizations_url":["https://api.github.com/users/JoshuaWise/orgs"],"repos_url":["https://api.github.com/users/JoshuaWise/repos"],"events_url":["https://api.github.com/users/JoshuaWise/events{/privacy}"],"received_events_url":["https://api.github.com/users/JoshuaWise/received_events"],"type":["User"],"site_admin":[false]},"html_url":["https://github.com/JoshuaWise/jellyemitter"],"description":["A generic event emitter that doesn't totally suck."],"fork":[false],"url":["https://api.github.com/repos/JoshuaWise/jellyemitter"],"forks_url":["https://api.github.com/repos/JoshuaWise/jellyemitter/forks"],"keys_url":["https://api.github.com/repos/JoshuaWise/jellyemitter/keys{/key_id}"],"collaborators_url":["https://api.github.com/repos/JoshuaWise/jellyemitter/collaborators{/collaborator}"],"teams_url":["https://api.github.com/repos/JoshuaWise/jellyemitter/teams"],"hooks_url":["https://api.github.com/repos/JoshuaWise/jellyemitter/hooks"],"issue_events_url":["https://api.github.com/repos/JoshuaWise/jellyemitter/issues/events{/number}"],"events_url":["https://api.github.com/repos/JoshuaWise/jellyemitter/events"],"assignees_url":["https://api.github.com/repos/JoshuaWise/jellyemitter/assignees{/user}"],"branches_url":["https://api.github.com/repos/JoshuaWise/jellyemitter/branches{/branch}"],"tags_url":["https://api.github.com/repos/JoshuaWise/jellyemitter/tags"],"blobs_url":["https://api.github.com/repos/JoshuaWise/jellyemitter/git/blobs{/sha}"],"git_tags_url":["https://api.github.com/repos/JoshuaWise/jellyemitter/git/tags{/sha}"],"git_refs_url":["https://api.github.com/repos/JoshuaWise/jellyemitter/git/refs{/sha}"],"trees_url":["https://api.github.com/repos/JoshuaWise/jellyemitter/git/trees{/sha}"],"statuses_url":["https://api.github.com/repos/JoshuaWise/jellyemitter/statuses/{sha}"],"languages_url":["https://api.github.com/repos/JoshuaWise/jellyemitter/languages"],"stargazers_url":["https://api.github.com/repos/JoshuaWise/jellyemitter/stargazers"],"contributors_url":["https://api.github.com/repos/JoshuaWise/jellyemitter/contributors"],"subscribers_url":["https://api.github.com/repos/JoshuaWise/jellyemitter/subscribers"],"subscription_url":["https://api.github.com/repos/JoshuaWise/jellyemitter/subscription"],"commits_url":["https://api.github.com/repos/JoshuaWise/jellyemitter/commits{/sha}"],"git_commits_url":["https://api.github.com/repos/JoshuaWise/jellyemitter/git/commits{/sha}"],"comments_url":["https://api.github.com/repos/JoshuaWise/jellyemitter/comments{/number}"],"issue_comment_url":["https://api.github.com/repos/JoshuaWise/jellyemitter/issues/comments{/number}"],"contents_url":["https://api.github.com/repos/JoshuaWise/jellyemitter/contents/{+path}"],"compare_url":["https://api.github.com/repos/JoshuaWise/jellyemitter/compare/{base}...{head}"],"merges_url":["https://api.github.com/repos/JoshuaWise/jellyemitter/merges"],"archive_url":["https://api.github.com/repos/JoshuaWise/jellyemitter/{archive_format}{/ref}"],"downloads_url":["https://api.github.com/repos/JoshuaWise/jellyemitter/downloads"],"issues_url":["https://api.github.com/repos/JoshuaWise/jellyemitter/issues{/number}"],"pulls_url":["https://api.github.com/repos/JoshuaWise/jellyemitter/pulls{/number}"],"milestones_url":["https://api.github.com/repos/JoshuaWise/jellyemitter/milestones{/number}"],"notifications_url":["https://api.github.com/repos/JoshuaWise/jellyemitter/notifications{?since,all,participating}"],"labels_url":["https://api.github.com/repos/JoshuaWise/jellyemitter/labels{/name}"],"releases_url":["https://api.github.com/repos/JoshuaWise/jellyemitter/releases{/id}"],"deployments_url":["https://api.github.com/repos/JoshuaWise/jellyemitter/deployments"],"created_at":["2016-02-10T02:25:05Z"],"updated_at":["2018-06-19T03:53:54Z"],"pushed_at":["2016-09-26T18:17:03Z"],"git_url":["git://github.com/JoshuaWise/jellyemitter.git"],"ssh_url":["git@github.com:JoshuaWise/jellyemitter.git"],"clone_url":["https://github.com/JoshuaWise/jellyemitter.git"],"svn_url":["https://github.com/JoshuaWise/jellyemitter"],"homepage":[""],"size":[38],"stargazers_count":[1],"watchers_count":[1],"language":["JavaScript"],"has_issues":[true],"has_projects":[true],"has_downloads":[true],"has_wiki":[true],"has_pages":[false],"forks_count":[0],"mirror_url":{},"archived":[false],"open_issues_count":[0],"license":{"key":["mit"],"name":["MIT License"],"spdx_id":["MIT"],"url":["https://api.github.com/licenses/mit"],"node_id":["MDc6TGljZW5zZTEz"]},"forks":[0],"open_issues":[0],"watchers":[1],"default_branch":["master"],"permissions":{"admin":[false],"push":[false],"pull":[true]}}
