{"id":[51869365],"node_id":["MDEwOlJlcG9zaXRvcnk1MTg2OTM2NQ=="],"name":["nodeperf"],"full_name":["JoshuaWise/nodeperf"],"private":[false],"owner":{"login":["JoshuaWise"],"id":[8255757],"node_id":["MDQ6VXNlcjgyNTU3NTc="],"avatar_url":["https://avatars1.githubusercontent.com/u/8255757?v=4"],"gravatar_id":[""],"url":["https://api.github.com/users/JoshuaWise"],"html_url":["https://github.com/JoshuaWise"],"followers_url":["https://api.github.com/users/JoshuaWise/followers"],"following_url":["https://api.github.com/users/JoshuaWise/following{/other_user}"],"gists_url":["https://api.github.com/users/JoshuaWise/gists{/gist_id}"],"starred_url":["https://api.github.com/users/JoshuaWise/starred{/owner}{/repo}"],"subscriptions_url":["https://api.github.com/users/JoshuaWise/subscriptions"],"organizations_url":["https://api.github.com/users/JoshuaWise/orgs"],"repos_url":["https://api.github.com/users/JoshuaWise/repos"],"events_url":["https://api.github.com/users/JoshuaWise/events{/privacy}"],"received_events_url":["https://api.github.com/users/JoshuaWise/received_events"],"type":["User"],"site_admin":[false]},"html_url":["https://github.com/JoshuaWise/nodeperf"],"description":["Like a profiler but actually useful in improving performance"],"fork":[true],"url":["https://api.github.com/repos/JoshuaWise/nodeperf"],"forks_url":["https://api.github.com/repos/JoshuaWise/nodeperf/forks"],"keys_url":["https://api.github.com/repos/JoshuaWise/nodeperf/keys{/key_id}"],"collaborators_url":["https://api.github.com/repos/JoshuaWise/nodeperf/collaborators{/collaborator}"],"teams_url":["https://api.github.com/repos/JoshuaWise/nodeperf/teams"],"hooks_url":["https://api.github.com/repos/JoshuaWise/nodeperf/hooks"],"issue_events_url":["https://api.github.com/repos/JoshuaWise/nodeperf/issues/events{/number}"],"events_url":["https://api.github.com/repos/JoshuaWise/nodeperf/events"],"assignees_url":["https://api.github.com/repos/JoshuaWise/nodeperf/assignees{/user}"],"branches_url":["https://api.github.com/repos/JoshuaWise/nodeperf/branches{/branch}"],"tags_url":["https://api.github.com/repos/JoshuaWise/nodeperf/tags"],"blobs_url":["https://api.github.com/repos/JoshuaWise/nodeperf/git/blobs{/sha}"],"git_tags_url":["https://api.github.com/repos/JoshuaWise/nodeperf/git/tags{/sha}"],"git_refs_url":["https://api.github.com/repos/JoshuaWise/nodeperf/git/refs{/sha}"],"trees_url":["https://api.github.com/repos/JoshuaWise/nodeperf/git/trees{/sha}"],"statuses_url":["https://api.github.com/repos/JoshuaWise/nodeperf/statuses/{sha}"],"languages_url":["https://api.github.com/repos/JoshuaWise/nodeperf/languages"],"stargazers_url":["https://api.github.com/repos/JoshuaWise/nodeperf/stargazers"],"contributors_url":["https://api.github.com/repos/JoshuaWise/nodeperf/contributors"],"subscribers_url":["https://api.github.com/repos/JoshuaWise/nodeperf/subscribers"],"subscription_url":["https://api.github.com/repos/JoshuaWise/nodeperf/subscription"],"commits_url":["https://api.github.com/repos/JoshuaWise/nodeperf/commits{/sha}"],"git_commits_url":["https://api.github.com/repos/JoshuaWise/nodeperf/git/commits{/sha}"],"comments_url":["https://api.github.com/repos/JoshuaWise/nodeperf/comments{/number}"],"issue_comment_url":["https://api.github.com/repos/JoshuaWise/nodeperf/issues/comments{/number}"],"contents_url":["https://api.github.com/repos/JoshuaWise/nodeperf/contents/{+path}"],"compare_url":["https://api.github.com/repos/JoshuaWise/nodeperf/compare/{base}...{head}"],"merges_url":["https://api.github.com/repos/JoshuaWise/nodeperf/merges"],"archive_url":["https://api.github.com/repos/JoshuaWise/nodeperf/{archive_format}{/ref}"],"downloads_url":["https://api.github.com/repos/JoshuaWise/nodeperf/downloads"],"issues_url":["https://api.github.com/repos/JoshuaWise/nodeperf/issues{/number}"],"pulls_url":["https://api.github.com/repos/JoshuaWise/nodeperf/pulls{/number}"],"milestones_url":["https://api.github.com/repos/JoshuaWise/nodeperf/milestones{/number}"],"notifications_url":["https://api.github.com/repos/JoshuaWise/nodeperf/notifications{?since,all,participating}"],"labels_url":["https://api.github.com/repos/JoshuaWise/nodeperf/labels{/name}"],"releases_url":["https://api.github.com/repos/JoshuaWise/nodeperf/releases{/id}"],"deployments_url":["https://api.github.com/repos/JoshuaWise/nodeperf/deployments"],"created_at":["2016-02-16T20:52:54Z"],"updated_at":["2016-02-16T20:52:54Z"],"pushed_at":["2016-02-16T21:18:57Z"],"git_url":["git://github.com/JoshuaWise/nodeperf.git"],"ssh_url":["git@github.com:JoshuaWise/nodeperf.git"],"clone_url":["https://github.com/JoshuaWise/nodeperf.git"],"svn_url":["https://github.com/JoshuaWise/nodeperf"],"homepage":{},"size":[28],"stargazers_count":[0],"watchers_count":[0],"language":["JavaScript"],"has_issues":[false],"has_projects":[true],"has_downloads":[true],"has_wiki":[true],"has_pages":[false],"forks_count":[0],"mirror_url":{},"archived":[false],"open_issues_count":[0],"license":{"key":["mit"],"name":["MIT License"],"spdx_id":["MIT"],"url":["https://api.github.com/licenses/mit"],"node_id":["MDc6TGljZW5zZTEz"]},"forks":[0],"open_issues":[0],"watchers":[0],"default_branch":["master"],"permissions":{"admin":[false],"push":[false],"pull":[true]}}
