{"id":[55334546],"node_id":["MDEwOlJlcG9zaXRvcnk1NTMzNDU0Ng=="],"name":["jellypromise"],"full_name":["JoshuaWise/jellypromise"],"private":[false],"owner":{"login":["JoshuaWise"],"id":[8255757],"node_id":["MDQ6VXNlcjgyNTU3NTc="],"avatar_url":["https://avatars1.githubusercontent.com/u/8255757?v=4"],"gravatar_id":[""],"url":["https://api.github.com/users/JoshuaWise"],"html_url":["https://github.com/JoshuaWise"],"followers_url":["https://api.github.com/users/JoshuaWise/followers"],"following_url":["https://api.github.com/users/JoshuaWise/following{/other_user}"],"gists_url":["https://api.github.com/users/JoshuaWise/gists{/gist_id}"],"starred_url":["https://api.github.com/users/JoshuaWise/starred{/owner}{/repo}"],"subscriptions_url":["https://api.github.com/users/JoshuaWise/subscriptions"],"organizations_url":["https://api.github.com/users/JoshuaWise/orgs"],"repos_url":["https://api.github.com/users/JoshuaWise/repos"],"events_url":["https://api.github.com/users/JoshuaWise/events{/privacy}"],"received_events_url":["https://api.github.com/users/JoshuaWise/received_events"],"type":["User"],"site_admin":[false]},"html_url":["https://github.com/JoshuaWise/jellypromise"],"description":["A tiny and fast Promises/A+ library, with thoughtful error handling."],"fork":[true],"url":["https://api.github.com/repos/JoshuaWise/jellypromise"],"forks_url":["https://api.github.com/repos/JoshuaWise/jellypromise/forks"],"keys_url":["https://api.github.com/repos/JoshuaWise/jellypromise/keys{/key_id}"],"collaborators_url":["https://api.github.com/repos/JoshuaWise/jellypromise/collaborators{/collaborator}"],"teams_url":["https://api.github.com/repos/JoshuaWise/jellypromise/teams"],"hooks_url":["https://api.github.com/repos/JoshuaWise/jellypromise/hooks"],"issue_events_url":["https://api.github.com/repos/JoshuaWise/jellypromise/issues/events{/number}"],"events_url":["https://api.github.com/repos/JoshuaWise/jellypromise/events"],"assignees_url":["https://api.github.com/repos/JoshuaWise/jellypromise/assignees{/user}"],"branches_url":["https://api.github.com/repos/JoshuaWise/jellypromise/branches{/branch}"],"tags_url":["https://api.github.com/repos/JoshuaWise/jellypromise/tags"],"blobs_url":["https://api.github.com/repos/JoshuaWise/jellypromise/git/blobs{/sha}"],"git_tags_url":["https://api.github.com/repos/JoshuaWise/jellypromise/git/tags{/sha}"],"git_refs_url":["https://api.github.com/repos/JoshuaWise/jellypromise/git/refs{/sha}"],"trees_url":["https://api.github.com/repos/JoshuaWise/jellypromise/git/trees{/sha}"],"statuses_url":["https://api.github.com/repos/JoshuaWise/jellypromise/statuses/{sha}"],"languages_url":["https://api.github.com/repos/JoshuaWise/jellypromise/languages"],"stargazers_url":["https://api.github.com/repos/JoshuaWise/jellypromise/stargazers"],"contributors_url":["https://api.github.com/repos/JoshuaWise/jellypromise/contributors"],"subscribers_url":["https://api.github.com/repos/JoshuaWise/jellypromise/subscribers"],"subscription_url":["https://api.github.com/repos/JoshuaWise/jellypromise/subscription"],"commits_url":["https://api.github.com/repos/JoshuaWise/jellypromise/commits{/sha}"],"git_commits_url":["https://api.github.com/repos/JoshuaWise/jellypromise/git/commits{/sha}"],"comments_url":["https://api.github.com/repos/JoshuaWise/jellypromise/comments{/number}"],"issue_comment_url":["https://api.github.com/repos/JoshuaWise/jellypromise/issues/comments{/number}"],"contents_url":["https://api.github.com/repos/JoshuaWise/jellypromise/contents/{+path}"],"compare_url":["https://api.github.com/repos/JoshuaWise/jellypromise/compare/{base}...{head}"],"merges_url":["https://api.github.com/repos/JoshuaWise/jellypromise/merges"],"archive_url":["https://api.github.com/repos/JoshuaWise/jellypromise/{archive_format}{/ref}"],"downloads_url":["https://api.github.com/repos/JoshuaWise/jellypromise/downloads"],"issues_url":["https://api.github.com/repos/JoshuaWise/jellypromise/issues{/number}"],"pulls_url":["https://api.github.com/repos/JoshuaWise/jellypromise/pulls{/number}"],"milestones_url":["https://api.github.com/repos/JoshuaWise/jellypromise/milestones{/number}"],"notifications_url":["https://api.github.com/repos/JoshuaWise/jellypromise/notifications{?since,all,participating}"],"labels_url":["https://api.github.com/repos/JoshuaWise/jellypromise/labels{/name}"],"releases_url":["https://api.github.com/repos/JoshuaWise/jellypromise/releases{/id}"],"deployments_url":["https://api.github.com/repos/JoshuaWise/jellypromise/deployments"],"created_at":["2016-04-03T07:15:36Z"],"updated_at":["2017-09-14T21:48:34Z"],"pushed_at":["2017-06-13T20:28:59Z"],"git_url":["git://github.com/JoshuaWise/jellypromise.git"],"ssh_url":["git@github.com:JoshuaWise/jellypromise.git"],"clone_url":["https://github.com/JoshuaWise/jellypromise.git"],"svn_url":["https://github.com/JoshuaWise/jellypromise"],"homepage":[""],"size":[604],"stargazers_count":[5],"watchers_count":[5],"language":["JavaScript"],"has_issues":[false],"has_projects":[true],"has_downloads":[true],"has_wiki":[true],"has_pages":[false],"forks_count":[0],"mirror_url":{},"archived":[false],"open_issues_count":[0],"license":{"key":["mit"],"name":["MIT License"],"spdx_id":["MIT"],"url":["https://api.github.com/licenses/mit"],"node_id":["MDc6TGljZW5zZTEz"]},"forks":[0],"open_issues":[0],"watchers":[5],"default_branch":["master"],"permissions":{"admin":[false],"push":[false],"pull":[true]}}
