{"id":[64064798],"node_id":["MDEwOlJlcG9zaXRvcnk2NDA2NDc5OA=="],"name":["iss-notifier"],"full_name":["JoshuaWise/iss-notifier"],"private":[false],"owner":{"login":["JoshuaWise"],"id":[8255757],"node_id":["MDQ6VXNlcjgyNTU3NTc="],"avatar_url":["https://avatars1.githubusercontent.com/u/8255757?v=4"],"gravatar_id":[""],"url":["https://api.github.com/users/JoshuaWise"],"html_url":["https://github.com/JoshuaWise"],"followers_url":["https://api.github.com/users/JoshuaWise/followers"],"following_url":["https://api.github.com/users/JoshuaWise/following{/other_user}"],"gists_url":["https://api.github.com/users/JoshuaWise/gists{/gist_id}"],"starred_url":["https://api.github.com/users/JoshuaWise/starred{/owner}{/repo}"],"subscriptions_url":["https://api.github.com/users/JoshuaWise/subscriptions"],"organizations_url":["https://api.github.com/users/JoshuaWise/orgs"],"repos_url":["https://api.github.com/users/JoshuaWise/repos"],"events_url":["https://api.github.com/users/JoshuaWise/events{/privacy}"],"received_events_url":["https://api.github.com/users/JoshuaWise/received_events"],"type":["User"],"site_admin":[false]},"html_url":["https://github.com/JoshuaWise/iss-notifier"],"description":["A simple webapp that allows you to see when the ISS will be overhead at specific locations."],"fork":[false],"url":["https://api.github.com/repos/JoshuaWise/iss-notifier"],"forks_url":["https://api.github.com/repos/JoshuaWise/iss-notifier/forks"],"keys_url":["https://api.github.com/repos/JoshuaWise/iss-notifier/keys{/key_id}"],"collaborators_url":["https://api.github.com/repos/JoshuaWise/iss-notifier/collaborators{/collaborator}"],"teams_url":["https://api.github.com/repos/JoshuaWise/iss-notifier/teams"],"hooks_url":["https://api.github.com/repos/JoshuaWise/iss-notifier/hooks"],"issue_events_url":["https://api.github.com/repos/JoshuaWise/iss-notifier/issues/events{/number}"],"events_url":["https://api.github.com/repos/JoshuaWise/iss-notifier/events"],"assignees_url":["https://api.github.com/repos/JoshuaWise/iss-notifier/assignees{/user}"],"branches_url":["https://api.github.com/repos/JoshuaWise/iss-notifier/branches{/branch}"],"tags_url":["https://api.github.com/repos/JoshuaWise/iss-notifier/tags"],"blobs_url":["https://api.github.com/repos/JoshuaWise/iss-notifier/git/blobs{/sha}"],"git_tags_url":["https://api.github.com/repos/JoshuaWise/iss-notifier/git/tags{/sha}"],"git_refs_url":["https://api.github.com/repos/JoshuaWise/iss-notifier/git/refs{/sha}"],"trees_url":["https://api.github.com/repos/JoshuaWise/iss-notifier/git/trees{/sha}"],"statuses_url":["https://api.github.com/repos/JoshuaWise/iss-notifier/statuses/{sha}"],"languages_url":["https://api.github.com/repos/JoshuaWise/iss-notifier/languages"],"stargazers_url":["https://api.github.com/repos/JoshuaWise/iss-notifier/stargazers"],"contributors_url":["https://api.github.com/repos/JoshuaWise/iss-notifier/contributors"],"subscribers_url":["https://api.github.com/repos/JoshuaWise/iss-notifier/subscribers"],"subscription_url":["https://api.github.com/repos/JoshuaWise/iss-notifier/subscription"],"commits_url":["https://api.github.com/repos/JoshuaWise/iss-notifier/commits{/sha}"],"git_commits_url":["https://api.github.com/repos/JoshuaWise/iss-notifier/git/commits{/sha}"],"comments_url":["https://api.github.com/repos/JoshuaWise/iss-notifier/comments{/number}"],"issue_comment_url":["https://api.github.com/repos/JoshuaWise/iss-notifier/issues/comments{/number}"],"contents_url":["https://api.github.com/repos/JoshuaWise/iss-notifier/contents/{+path}"],"compare_url":["https://api.github.com/repos/JoshuaWise/iss-notifier/compare/{base}...{head}"],"merges_url":["https://api.github.com/repos/JoshuaWise/iss-notifier/merges"],"archive_url":["https://api.github.com/repos/JoshuaWise/iss-notifier/{archive_format}{/ref}"],"downloads_url":["https://api.github.com/repos/JoshuaWise/iss-notifier/downloads"],"issues_url":["https://api.github.com/repos/JoshuaWise/iss-notifier/issues{/number}"],"pulls_url":["https://api.github.com/repos/JoshuaWise/iss-notifier/pulls{/number}"],"milestones_url":["https://api.github.com/repos/JoshuaWise/iss-notifier/milestones{/number}"],"notifications_url":["https://api.github.com/repos/JoshuaWise/iss-notifier/notifications{?since,all,participating}"],"labels_url":["https://api.github.com/repos/JoshuaWise/iss-notifier/labels{/name}"],"releases_url":["https://api.github.com/repos/JoshuaWise/iss-notifier/releases{/id}"],"deployments_url":["https://api.github.com/repos/JoshuaWise/iss-notifier/deployments"],"created_at":["2016-07-24T12:41:51Z"],"updated_at":["2018-06-13T03:02:40Z"],"pushed_at":["2016-07-24T12:42:11Z"],"git_url":["git://github.com/JoshuaWise/iss-notifier.git"],"ssh_url":["git@github.com:JoshuaWise/iss-notifier.git"],"clone_url":["https://github.com/JoshuaWise/iss-notifier.git"],"svn_url":["https://github.com/JoshuaWise/iss-notifier"],"homepage":{},"size":[394],"stargazers_count":[0],"watchers_count":[0],"language":["JavaScript"],"has_issues":[true],"has_projects":[true],"has_downloads":[true],"has_wiki":[true],"has_pages":[false],"forks_count":[0],"mirror_url":{},"archived":[true],"open_issues_count":[0],"license":{},"forks":[0],"open_issues":[0],"watchers":[0],"default_branch":["master"],"permissions":{"admin":[false],"push":[false],"pull":[true]}}
