{"id":[65827590],"node_id":["MDEwOlJlcG9zaXRvcnk2NTgyNzU5MA=="],"name":["node-prompt"],"full_name":["JoshuaWise/node-prompt"],"private":[false],"owner":{"login":["JoshuaWise"],"id":[8255757],"node_id":["MDQ6VXNlcjgyNTU3NTc="],"avatar_url":["https://avatars1.githubusercontent.com/u/8255757?v=4"],"gravatar_id":[""],"url":["https://api.github.com/users/JoshuaWise"],"html_url":["https://github.com/JoshuaWise"],"followers_url":["https://api.github.com/users/JoshuaWise/followers"],"following_url":["https://api.github.com/users/JoshuaWise/following{/other_user}"],"gists_url":["https://api.github.com/users/JoshuaWise/gists{/gist_id}"],"starred_url":["https://api.github.com/users/JoshuaWise/starred{/owner}{/repo}"],"subscriptions_url":["https://api.github.com/users/JoshuaWise/subscriptions"],"organizations_url":["https://api.github.com/users/JoshuaWise/orgs"],"repos_url":["https://api.github.com/users/JoshuaWise/repos"],"events_url":["https://api.github.com/users/JoshuaWise/events{/privacy}"],"received_events_url":["https://api.github.com/users/JoshuaWise/received_events"],"type":["User"],"site_admin":[false]},"html_url":["https://github.com/JoshuaWise/node-prompt"],"description":["A customizable command prompt for node applications, locally or over the net."],"fork":[false],"url":["https://api.github.com/repos/JoshuaWise/node-prompt"],"forks_url":["https://api.github.com/repos/JoshuaWise/node-prompt/forks"],"keys_url":["https://api.github.com/repos/JoshuaWise/node-prompt/keys{/key_id}"],"collaborators_url":["https://api.github.com/repos/JoshuaWise/node-prompt/collaborators{/collaborator}"],"teams_url":["https://api.github.com/repos/JoshuaWise/node-prompt/teams"],"hooks_url":["https://api.github.com/repos/JoshuaWise/node-prompt/hooks"],"issue_events_url":["https://api.github.com/repos/JoshuaWise/node-prompt/issues/events{/number}"],"events_url":["https://api.github.com/repos/JoshuaWise/node-prompt/events"],"assignees_url":["https://api.github.com/repos/JoshuaWise/node-prompt/assignees{/user}"],"branches_url":["https://api.github.com/repos/JoshuaWise/node-prompt/branches{/branch}"],"tags_url":["https://api.github.com/repos/JoshuaWise/node-prompt/tags"],"blobs_url":["https://api.github.com/repos/JoshuaWise/node-prompt/git/blobs{/sha}"],"git_tags_url":["https://api.github.com/repos/JoshuaWise/node-prompt/git/tags{/sha}"],"git_refs_url":["https://api.github.com/repos/JoshuaWise/node-prompt/git/refs{/sha}"],"trees_url":["https://api.github.com/repos/JoshuaWise/node-prompt/git/trees{/sha}"],"statuses_url":["https://api.github.com/repos/JoshuaWise/node-prompt/statuses/{sha}"],"languages_url":["https://api.github.com/repos/JoshuaWise/node-prompt/languages"],"stargazers_url":["https://api.github.com/repos/JoshuaWise/node-prompt/stargazers"],"contributors_url":["https://api.github.com/repos/JoshuaWise/node-prompt/contributors"],"subscribers_url":["https://api.github.com/repos/JoshuaWise/node-prompt/subscribers"],"subscription_url":["https://api.github.com/repos/JoshuaWise/node-prompt/subscription"],"commits_url":["https://api.github.com/repos/JoshuaWise/node-prompt/commits{/sha}"],"git_commits_url":["https://api.github.com/repos/JoshuaWise/node-prompt/git/commits{/sha}"],"comments_url":["https://api.github.com/repos/JoshuaWise/node-prompt/comments{/number}"],"issue_comment_url":["https://api.github.com/repos/JoshuaWise/node-prompt/issues/comments{/number}"],"contents_url":["https://api.github.com/repos/JoshuaWise/node-prompt/contents/{+path}"],"compare_url":["https://api.github.com/repos/JoshuaWise/node-prompt/compare/{base}...{head}"],"merges_url":["https://api.github.com/repos/JoshuaWise/node-prompt/merges"],"archive_url":["https://api.github.com/repos/JoshuaWise/node-prompt/{archive_format}{/ref}"],"downloads_url":["https://api.github.com/repos/JoshuaWise/node-prompt/downloads"],"issues_url":["https://api.github.com/repos/JoshuaWise/node-prompt/issues{/number}"],"pulls_url":["https://api.github.com/repos/JoshuaWise/node-prompt/pulls{/number}"],"milestones_url":["https://api.github.com/repos/JoshuaWise/node-prompt/milestones{/number}"],"notifications_url":["https://api.github.com/repos/JoshuaWise/node-prompt/notifications{?since,all,participating}"],"labels_url":["https://api.github.com/repos/JoshuaWise/node-prompt/labels{/name}"],"releases_url":["https://api.github.com/repos/JoshuaWise/node-prompt/releases{/id}"],"deployments_url":["https://api.github.com/repos/JoshuaWise/node-prompt/deployments"],"created_at":["2016-08-16T14:36:01Z"],"updated_at":["2018-06-13T03:02:48Z"],"pushed_at":["2016-08-18T17:50:24Z"],"git_url":["git://github.com/JoshuaWise/node-prompt.git"],"ssh_url":["git@github.com:JoshuaWise/node-prompt.git"],"clone_url":["https://github.com/JoshuaWise/node-prompt.git"],"svn_url":["https://github.com/JoshuaWise/node-prompt"],"homepage":{},"size":[33],"stargazers_count":[1],"watchers_count":[1],"language":["JavaScript"],"has_issues":[true],"has_projects":[true],"has_downloads":[true],"has_wiki":[true],"has_pages":[false],"forks_count":[0],"mirror_url":{},"archived":[true],"open_issues_count":[0],"license":{"key":["mit"],"name":["MIT License"],"spdx_id":["MIT"],"url":["https://api.github.com/licenses/mit"],"node_id":["MDc6TGljZW5zZTEz"]},"forks":[0],"open_issues":[0],"watchers":[1],"default_branch":["master"],"permissions":{"admin":[false],"push":[false],"pull":[true]}}
