{"id":[66404746],"node_id":["MDEwOlJlcG9zaXRvcnk2NjQwNDc0Ng=="],"name":["expression-sandbox"],"full_name":["JoshuaWise/expression-sandbox"],"private":[false],"owner":{"login":["JoshuaWise"],"id":[8255757],"node_id":["MDQ6VXNlcjgyNTU3NTc="],"avatar_url":["https://avatars1.githubusercontent.com/u/8255757?v=4"],"gravatar_id":[""],"url":["https://api.github.com/users/JoshuaWise"],"html_url":["https://github.com/JoshuaWise"],"followers_url":["https://api.github.com/users/JoshuaWise/followers"],"following_url":["https://api.github.com/users/JoshuaWise/following{/other_user}"],"gists_url":["https://api.github.com/users/JoshuaWise/gists{/gist_id}"],"starred_url":["https://api.github.com/users/JoshuaWise/starred{/owner}{/repo}"],"subscriptions_url":["https://api.github.com/users/JoshuaWise/subscriptions"],"organizations_url":["https://api.github.com/users/JoshuaWise/orgs"],"repos_url":["https://api.github.com/users/JoshuaWise/repos"],"events_url":["https://api.github.com/users/JoshuaWise/events{/privacy}"],"received_events_url":["https://api.github.com/users/JoshuaWise/received_events"],"type":["User"],"site_admin":[false]},"html_url":["https://github.com/JoshuaWise/expression-sandbox"],"description":["A small tool for evaluating JavaScript code in a secure sandbox, for Node.js or the modern browser."],"fork":[true],"url":["https://api.github.com/repos/JoshuaWise/expression-sandbox"],"forks_url":["https://api.github.com/repos/JoshuaWise/expression-sandbox/forks"],"keys_url":["https://api.github.com/repos/JoshuaWise/expression-sandbox/keys{/key_id}"],"collaborators_url":["https://api.github.com/repos/JoshuaWise/expression-sandbox/collaborators{/collaborator}"],"teams_url":["https://api.github.com/repos/JoshuaWise/expression-sandbox/teams"],"hooks_url":["https://api.github.com/repos/JoshuaWise/expression-sandbox/hooks"],"issue_events_url":["https://api.github.com/repos/JoshuaWise/expression-sandbox/issues/events{/number}"],"events_url":["https://api.github.com/repos/JoshuaWise/expression-sandbox/events"],"assignees_url":["https://api.github.com/repos/JoshuaWise/expression-sandbox/assignees{/user}"],"branches_url":["https://api.github.com/repos/JoshuaWise/expression-sandbox/branches{/branch}"],"tags_url":["https://api.github.com/repos/JoshuaWise/expression-sandbox/tags"],"blobs_url":["https://api.github.com/repos/JoshuaWise/expression-sandbox/git/blobs{/sha}"],"git_tags_url":["https://api.github.com/repos/JoshuaWise/expression-sandbox/git/tags{/sha}"],"git_refs_url":["https://api.github.com/repos/JoshuaWise/expression-sandbox/git/refs{/sha}"],"trees_url":["https://api.github.com/repos/JoshuaWise/expression-sandbox/git/trees{/sha}"],"statuses_url":["https://api.github.com/repos/JoshuaWise/expression-sandbox/statuses/{sha}"],"languages_url":["https://api.github.com/repos/JoshuaWise/expression-sandbox/languages"],"stargazers_url":["https://api.github.com/repos/JoshuaWise/expression-sandbox/stargazers"],"contributors_url":["https://api.github.com/repos/JoshuaWise/expression-sandbox/contributors"],"subscribers_url":["https://api.github.com/repos/JoshuaWise/expression-sandbox/subscribers"],"subscription_url":["https://api.github.com/repos/JoshuaWise/expression-sandbox/subscription"],"commits_url":["https://api.github.com/repos/JoshuaWise/expression-sandbox/commits{/sha}"],"git_commits_url":["https://api.github.com/repos/JoshuaWise/expression-sandbox/git/commits{/sha}"],"comments_url":["https://api.github.com/repos/JoshuaWise/expression-sandbox/comments{/number}"],"issue_comment_url":["https://api.github.com/repos/JoshuaWise/expression-sandbox/issues/comments{/number}"],"contents_url":["https://api.github.com/repos/JoshuaWise/expression-sandbox/contents/{+path}"],"compare_url":["https://api.github.com/repos/JoshuaWise/expression-sandbox/compare/{base}...{head}"],"merges_url":["https://api.github.com/repos/JoshuaWise/expression-sandbox/merges"],"archive_url":["https://api.github.com/repos/JoshuaWise/expression-sandbox/{archive_format}{/ref}"],"downloads_url":["https://api.github.com/repos/JoshuaWise/expression-sandbox/downloads"],"issues_url":["https://api.github.com/repos/JoshuaWise/expression-sandbox/issues{/number}"],"pulls_url":["https://api.github.com/repos/JoshuaWise/expression-sandbox/pulls{/number}"],"milestones_url":["https://api.github.com/repos/JoshuaWise/expression-sandbox/milestones{/number}"],"notifications_url":["https://api.github.com/repos/JoshuaWise/expression-sandbox/notifications{?since,all,participating}"],"labels_url":["https://api.github.com/repos/JoshuaWise/expression-sandbox/labels{/name}"],"releases_url":["https://api.github.com/repos/JoshuaWise/expression-sandbox/releases{/id}"],"deployments_url":["https://api.github.com/repos/JoshuaWise/expression-sandbox/deployments"],"created_at":["2016-08-23T21:29:05Z"],"updated_at":["2019-02-15T07:13:49Z"],"pushed_at":["2019-01-10T20:31:38Z"],"git_url":["git://github.com/JoshuaWise/expression-sandbox.git"],"ssh_url":["git@github.com:JoshuaWise/expression-sandbox.git"],"clone_url":["https://github.com/JoshuaWise/expression-sandbox.git"],"svn_url":["https://github.com/JoshuaWise/expression-sandbox"],"homepage":[""],"size":[25],"stargazers_count":[15],"watchers_count":[15],"language":["JavaScript"],"has_issues":[true],"has_projects":[true],"has_downloads":[true],"has_wiki":[true],"has_pages":[false],"forks_count":[3],"mirror_url":{},"archived":[true],"open_issues_count":[6],"license":{"key":["mit"],"name":["MIT License"],"spdx_id":["MIT"],"url":["https://api.github.com/licenses/mit"],"node_id":["MDc6TGljZW5zZTEz"]},"forks":[3],"open_issues":[6],"watchers":[15],"default_branch":["master"],"permissions":{"admin":[false],"push":[false],"pull":[true]}}
