{"id":[67626108],"node_id":["MDEwOlJlcG9zaXRvcnk2NzYyNjEwOA=="],"name":["better-sqlite3"],"full_name":["JoshuaWise/better-sqlite3"],"private":[false],"owner":{"login":["JoshuaWise"],"id":[8255757],"node_id":["MDQ6VXNlcjgyNTU3NTc="],"avatar_url":["https://avatars1.githubusercontent.com/u/8255757?v=4"],"gravatar_id":[""],"url":["https://api.github.com/users/JoshuaWise"],"html_url":["https://github.com/JoshuaWise"],"followers_url":["https://api.github.com/users/JoshuaWise/followers"],"following_url":["https://api.github.com/users/JoshuaWise/following{/other_user}"],"gists_url":["https://api.github.com/users/JoshuaWise/gists{/gist_id}"],"starred_url":["https://api.github.com/users/JoshuaWise/starred{/owner}{/repo}"],"subscriptions_url":["https://api.github.com/users/JoshuaWise/subscriptions"],"organizations_url":["https://api.github.com/users/JoshuaWise/orgs"],"repos_url":["https://api.github.com/users/JoshuaWise/repos"],"events_url":["https://api.github.com/users/JoshuaWise/events{/privacy}"],"received_events_url":["https://api.github.com/users/JoshuaWise/received_events"],"type":["User"],"site_admin":[false]},"html_url":["https://github.com/JoshuaWise/better-sqlite3"],"description":["The fastest and simplest library for SQLite3 in Node.js."],"fork":[false],"url":["https://api.github.com/repos/JoshuaWise/better-sqlite3"],"forks_url":["https://api.github.com/repos/JoshuaWise/better-sqlite3/forks"],"keys_url":["https://api.github.com/repos/JoshuaWise/better-sqlite3/keys{/key_id}"],"collaborators_url":["https://api.github.com/repos/JoshuaWise/better-sqlite3/collaborators{/collaborator}"],"teams_url":["https://api.github.com/repos/JoshuaWise/better-sqlite3/teams"],"hooks_url":["https://api.github.com/repos/JoshuaWise/better-sqlite3/hooks"],"issue_events_url":["https://api.github.com/repos/JoshuaWise/better-sqlite3/issues/events{/number}"],"events_url":["https://api.github.com/repos/JoshuaWise/better-sqlite3/events"],"assignees_url":["https://api.github.com/repos/JoshuaWise/better-sqlite3/assignees{/user}"],"branches_url":["https://api.github.com/repos/JoshuaWise/better-sqlite3/branches{/branch}"],"tags_url":["https://api.github.com/repos/JoshuaWise/better-sqlite3/tags"],"blobs_url":["https://api.github.com/repos/JoshuaWise/better-sqlite3/git/blobs{/sha}"],"git_tags_url":["https://api.github.com/repos/JoshuaWise/better-sqlite3/git/tags{/sha}"],"git_refs_url":["https://api.github.com/repos/JoshuaWise/better-sqlite3/git/refs{/sha}"],"trees_url":["https://api.github.com/repos/JoshuaWise/better-sqlite3/git/trees{/sha}"],"statuses_url":["https://api.github.com/repos/JoshuaWise/better-sqlite3/statuses/{sha}"],"languages_url":["https://api.github.com/repos/JoshuaWise/better-sqlite3/languages"],"stargazers_url":["https://api.github.com/repos/JoshuaWise/better-sqlite3/stargazers"],"contributors_url":["https://api.github.com/repos/JoshuaWise/better-sqlite3/contributors"],"subscribers_url":["https://api.github.com/repos/JoshuaWise/better-sqlite3/subscribers"],"subscription_url":["https://api.github.com/repos/JoshuaWise/better-sqlite3/subscription"],"commits_url":["https://api.github.com/repos/JoshuaWise/better-sqlite3/commits{/sha}"],"git_commits_url":["https://api.github.com/repos/JoshuaWise/better-sqlite3/git/commits{/sha}"],"comments_url":["https://api.github.com/repos/JoshuaWise/better-sqlite3/comments{/number}"],"issue_comment_url":["https://api.github.com/repos/JoshuaWise/better-sqlite3/issues/comments{/number}"],"contents_url":["https://api.github.com/repos/JoshuaWise/better-sqlite3/contents/{+path}"],"compare_url":["https://api.github.com/repos/JoshuaWise/better-sqlite3/compare/{base}...{head}"],"merges_url":["https://api.github.com/repos/JoshuaWise/better-sqlite3/merges"],"archive_url":["https://api.github.com/repos/JoshuaWise/better-sqlite3/{archive_format}{/ref}"],"downloads_url":["https://api.github.com/repos/JoshuaWise/better-sqlite3/downloads"],"issues_url":["https://api.github.com/repos/JoshuaWise/better-sqlite3/issues{/number}"],"pulls_url":["https://api.github.com/repos/JoshuaWise/better-sqlite3/pulls{/number}"],"milestones_url":["https://api.github.com/repos/JoshuaWise/better-sqlite3/milestones{/number}"],"notifications_url":["https://api.github.com/repos/JoshuaWise/better-sqlite3/notifications{?since,all,participating}"],"labels_url":["https://api.github.com/repos/JoshuaWise/better-sqlite3/labels{/name}"],"releases_url":["https://api.github.com/repos/JoshuaWise/better-sqlite3/releases{/id}"],"deployments_url":["https://api.github.com/repos/JoshuaWise/better-sqlite3/deployments"],"created_at":["2016-09-07T16:48:37Z"],"updated_at":["2019-04-01T18:48:14Z"],"pushed_at":["2019-02-20T07:33:46Z"],"git_url":["git://github.com/JoshuaWise/better-sqlite3.git"],"ssh_url":["git@github.com:JoshuaWise/better-sqlite3.git"],"clone_url":["https://github.com/JoshuaWise/better-sqlite3.git"],"svn_url":["https://github.com/JoshuaWise/better-sqlite3"],"homepage":[""],"size":[76754],"stargazers_count":[1156],"watchers_count":[1156],"language":["C++"],"has_issues":[true],"has_projects":[true],"has_downloads":[true],"has_wiki":[true],"has_pages":[false],"forks_count":[66],"mirror_url":{},"archived":[false],"open_issues_count":[25],"license":{"key":["mit"],"name":["MIT License"],"spdx_id":["MIT"],"url":["https://api.github.com/licenses/mit"],"node_id":["MDc6TGljZW5zZTEz"]},"forks":[66],"open_issues":[25],"watchers":[1156],"default_branch":["master"],"permissions":{"admin":[false],"push":[false],"pull":[true]}}
