{"id":[73522939],"node_id":["MDEwOlJlcG9zaXRvcnk3MzUyMjkzOQ=="],"name":["tiny-msgpack"],"full_name":["JoshuaWise/tiny-msgpack"],"private":[false],"owner":{"login":["JoshuaWise"],"id":[8255757],"node_id":["MDQ6VXNlcjgyNTU3NTc="],"avatar_url":["https://avatars1.githubusercontent.com/u/8255757?v=4"],"gravatar_id":[""],"url":["https://api.github.com/users/JoshuaWise"],"html_url":["https://github.com/JoshuaWise"],"followers_url":["https://api.github.com/users/JoshuaWise/followers"],"following_url":["https://api.github.com/users/JoshuaWise/following{/other_user}"],"gists_url":["https://api.github.com/users/JoshuaWise/gists{/gist_id}"],"starred_url":["https://api.github.com/users/JoshuaWise/starred{/owner}{/repo}"],"subscriptions_url":["https://api.github.com/users/JoshuaWise/subscriptions"],"organizations_url":["https://api.github.com/users/JoshuaWise/orgs"],"repos_url":["https://api.github.com/users/JoshuaWise/repos"],"events_url":["https://api.github.com/users/JoshuaWise/events{/privacy}"],"received_events_url":["https://api.github.com/users/JoshuaWise/received_events"],"type":["User"],"site_admin":[false]},"html_url":["https://github.com/JoshuaWise/tiny-msgpack"],"description":["A minimalistic MessagePack encoder and decoder for JavaScript."],"fork":[true],"url":["https://api.github.com/repos/JoshuaWise/tiny-msgpack"],"forks_url":["https://api.github.com/repos/JoshuaWise/tiny-msgpack/forks"],"keys_url":["https://api.github.com/repos/JoshuaWise/tiny-msgpack/keys{/key_id}"],"collaborators_url":["https://api.github.com/repos/JoshuaWise/tiny-msgpack/collaborators{/collaborator}"],"teams_url":["https://api.github.com/repos/JoshuaWise/tiny-msgpack/teams"],"hooks_url":["https://api.github.com/repos/JoshuaWise/tiny-msgpack/hooks"],"issue_events_url":["https://api.github.com/repos/JoshuaWise/tiny-msgpack/issues/events{/number}"],"events_url":["https://api.github.com/repos/JoshuaWise/tiny-msgpack/events"],"assignees_url":["https://api.github.com/repos/JoshuaWise/tiny-msgpack/assignees{/user}"],"branches_url":["https://api.github.com/repos/JoshuaWise/tiny-msgpack/branches{/branch}"],"tags_url":["https://api.github.com/repos/JoshuaWise/tiny-msgpack/tags"],"blobs_url":["https://api.github.com/repos/JoshuaWise/tiny-msgpack/git/blobs{/sha}"],"git_tags_url":["https://api.github.com/repos/JoshuaWise/tiny-msgpack/git/tags{/sha}"],"git_refs_url":["https://api.github.com/repos/JoshuaWise/tiny-msgpack/git/refs{/sha}"],"trees_url":["https://api.github.com/repos/JoshuaWise/tiny-msgpack/git/trees{/sha}"],"statuses_url":["https://api.github.com/repos/JoshuaWise/tiny-msgpack/statuses/{sha}"],"languages_url":["https://api.github.com/repos/JoshuaWise/tiny-msgpack/languages"],"stargazers_url":["https://api.github.com/repos/JoshuaWise/tiny-msgpack/stargazers"],"contributors_url":["https://api.github.com/repos/JoshuaWise/tiny-msgpack/contributors"],"subscribers_url":["https://api.github.com/repos/JoshuaWise/tiny-msgpack/subscribers"],"subscription_url":["https://api.github.com/repos/JoshuaWise/tiny-msgpack/subscription"],"commits_url":["https://api.github.com/repos/JoshuaWise/tiny-msgpack/commits{/sha}"],"git_commits_url":["https://api.github.com/repos/JoshuaWise/tiny-msgpack/git/commits{/sha}"],"comments_url":["https://api.github.com/repos/JoshuaWise/tiny-msgpack/comments{/number}"],"issue_comment_url":["https://api.github.com/repos/JoshuaWise/tiny-msgpack/issues/comments{/number}"],"contents_url":["https://api.github.com/repos/JoshuaWise/tiny-msgpack/contents/{+path}"],"compare_url":["https://api.github.com/repos/JoshuaWise/tiny-msgpack/compare/{base}...{head}"],"merges_url":["https://api.github.com/repos/JoshuaWise/tiny-msgpack/merges"],"archive_url":["https://api.github.com/repos/JoshuaWise/tiny-msgpack/{archive_format}{/ref}"],"downloads_url":["https://api.github.com/repos/JoshuaWise/tiny-msgpack/downloads"],"issues_url":["https://api.github.com/repos/JoshuaWise/tiny-msgpack/issues{/number}"],"pulls_url":["https://api.github.com/repos/JoshuaWise/tiny-msgpack/pulls{/number}"],"milestones_url":["https://api.github.com/repos/JoshuaWise/tiny-msgpack/milestones{/number}"],"notifications_url":["https://api.github.com/repos/JoshuaWise/tiny-msgpack/notifications{?since,all,participating}"],"labels_url":["https://api.github.com/repos/JoshuaWise/tiny-msgpack/labels{/name}"],"releases_url":["https://api.github.com/repos/JoshuaWise/tiny-msgpack/releases{/id}"],"deployments_url":["https://api.github.com/repos/JoshuaWise/tiny-msgpack/deployments"],"created_at":["2016-11-12T00:57:06Z"],"updated_at":["2018-10-10T05:22:22Z"],"pushed_at":["2018-10-28T21:20:26Z"],"git_url":["git://github.com/JoshuaWise/tiny-msgpack.git"],"ssh_url":["git@github.com:JoshuaWise/tiny-msgpack.git"],"clone_url":["https://github.com/JoshuaWise/tiny-msgpack.git"],"svn_url":["https://github.com/JoshuaWise/tiny-msgpack"],"homepage":[""],"size":[460],"stargazers_count":[12],"watchers_count":[12],"language":["JavaScript"],"has_issues":[false],"has_projects":[true],"has_downloads":[true],"has_wiki":[true],"has_pages":[true],"forks_count":[3],"mirror_url":{},"archived":[false],"open_issues_count":[1],"license":{"key":["mit"],"name":["MIT License"],"spdx_id":["MIT"],"url":["https://api.github.com/licenses/mit"],"node_id":["MDc6TGljZW5zZTEz"]},"forks":[3],"open_issues":[1],"watchers":[12],"default_branch":["master"],"permissions":{"admin":[false],"push":[false],"pull":[true]}}
