{"id":[92960677],"node_id":["MDEwOlJlcG9zaXRvcnk5Mjk2MDY3Nw=="],"name":["integer"],"full_name":["JoshuaWise/integer"],"private":[false],"owner":{"login":["JoshuaWise"],"id":[8255757],"node_id":["MDQ6VXNlcjgyNTU3NTc="],"avatar_url":["https://avatars1.githubusercontent.com/u/8255757?v=4"],"gravatar_id":[""],"url":["https://api.github.com/users/JoshuaWise"],"html_url":["https://github.com/JoshuaWise"],"followers_url":["https://api.github.com/users/JoshuaWise/followers"],"following_url":["https://api.github.com/users/JoshuaWise/following{/other_user}"],"gists_url":["https://api.github.com/users/JoshuaWise/gists{/gist_id}"],"starred_url":["https://api.github.com/users/JoshuaWise/starred{/owner}{/repo}"],"subscriptions_url":["https://api.github.com/users/JoshuaWise/subscriptions"],"organizations_url":["https://api.github.com/users/JoshuaWise/orgs"],"repos_url":["https://api.github.com/users/JoshuaWise/repos"],"events_url":["https://api.github.com/users/JoshuaWise/events{/privacy}"],"received_events_url":["https://api.github.com/users/JoshuaWise/received_events"],"type":["User"],"site_admin":[false]},"html_url":["https://github.com/JoshuaWise/integer"],"description":["Native 64-bit integers with overflow protection."],"fork":[false],"url":["https://api.github.com/repos/JoshuaWise/integer"],"forks_url":["https://api.github.com/repos/JoshuaWise/integer/forks"],"keys_url":["https://api.github.com/repos/JoshuaWise/integer/keys{/key_id}"],"collaborators_url":["https://api.github.com/repos/JoshuaWise/integer/collaborators{/collaborator}"],"teams_url":["https://api.github.com/repos/JoshuaWise/integer/teams"],"hooks_url":["https://api.github.com/repos/JoshuaWise/integer/hooks"],"issue_events_url":["https://api.github.com/repos/JoshuaWise/integer/issues/events{/number}"],"events_url":["https://api.github.com/repos/JoshuaWise/integer/events"],"assignees_url":["https://api.github.com/repos/JoshuaWise/integer/assignees{/user}"],"branches_url":["https://api.github.com/repos/JoshuaWise/integer/branches{/branch}"],"tags_url":["https://api.github.com/repos/JoshuaWise/integer/tags"],"blobs_url":["https://api.github.com/repos/JoshuaWise/integer/git/blobs{/sha}"],"git_tags_url":["https://api.github.com/repos/JoshuaWise/integer/git/tags{/sha}"],"git_refs_url":["https://api.github.com/repos/JoshuaWise/integer/git/refs{/sha}"],"trees_url":["https://api.github.com/repos/JoshuaWise/integer/git/trees{/sha}"],"statuses_url":["https://api.github.com/repos/JoshuaWise/integer/statuses/{sha}"],"languages_url":["https://api.github.com/repos/JoshuaWise/integer/languages"],"stargazers_url":["https://api.github.com/repos/JoshuaWise/integer/stargazers"],"contributors_url":["https://api.github.com/repos/JoshuaWise/integer/contributors"],"subscribers_url":["https://api.github.com/repos/JoshuaWise/integer/subscribers"],"subscription_url":["https://api.github.com/repos/JoshuaWise/integer/subscription"],"commits_url":["https://api.github.com/repos/JoshuaWise/integer/commits{/sha}"],"git_commits_url":["https://api.github.com/repos/JoshuaWise/integer/git/commits{/sha}"],"comments_url":["https://api.github.com/repos/JoshuaWise/integer/comments{/number}"],"issue_comment_url":["https://api.github.com/repos/JoshuaWise/integer/issues/comments{/number}"],"contents_url":["https://api.github.com/repos/JoshuaWise/integer/contents/{+path}"],"compare_url":["https://api.github.com/repos/JoshuaWise/integer/compare/{base}...{head}"],"merges_url":["https://api.github.com/repos/JoshuaWise/integer/merges"],"archive_url":["https://api.github.com/repos/JoshuaWise/integer/{archive_format}{/ref}"],"downloads_url":["https://api.github.com/repos/JoshuaWise/integer/downloads"],"issues_url":["https://api.github.com/repos/JoshuaWise/integer/issues{/number}"],"pulls_url":["https://api.github.com/repos/JoshuaWise/integer/pulls{/number}"],"milestones_url":["https://api.github.com/repos/JoshuaWise/integer/milestones{/number}"],"notifications_url":["https://api.github.com/repos/JoshuaWise/integer/notifications{?since,all,participating}"],"labels_url":["https://api.github.com/repos/JoshuaWise/integer/labels{/name}"],"releases_url":["https://api.github.com/repos/JoshuaWise/integer/releases{/id}"],"deployments_url":["https://api.github.com/repos/JoshuaWise/integer/deployments"],"created_at":["2017-05-31T15:27:58Z"],"updated_at":["2019-03-03T09:22:08Z"],"pushed_at":["2019-01-03T16:17:48Z"],"git_url":["git://github.com/JoshuaWise/integer.git"],"ssh_url":["git@github.com:JoshuaWise/integer.git"],"clone_url":["https://github.com/JoshuaWise/integer.git"],"svn_url":["https://github.com/JoshuaWise/integer"],"homepage":{},"size":[79],"stargazers_count":[9],"watchers_count":[9],"language":["JavaScript"],"has_issues":[true],"has_projects":[true],"has_downloads":[true],"has_wiki":[true],"has_pages":[false],"forks_count":[5],"mirror_url":{},"archived":[false],"open_issues_count":[2],"license":{"key":["mit"],"name":["MIT License"],"spdx_id":["MIT"],"url":["https://api.github.com/licenses/mit"],"node_id":["MDc6TGljZW5zZTEz"]},"forks":[5],"open_issues":[2],"watchers":[9],"default_branch":["master"],"permissions":{"admin":[false],"push":[false],"pull":[true]}}
