[{"url":["https://api.github.com/repos/JoshuaWise/wise-inspection/issues/1"],"repository_url":["https://api.github.com/repos/JoshuaWise/wise-inspection"],"labels_url":["https://api.github.com/repos/JoshuaWise/wise-inspection/issues/1/labels{/name}"],"comments_url":["https://api.github.com/repos/JoshuaWise/wise-inspection/issues/1/comments"],"events_url":["https://api.github.com/repos/JoshuaWise/wise-inspection/issues/1/events"],"html_url":["https://github.com/JoshuaWise/wise-inspection/issues/1"],"id":[257573111],"node_id":["MDU6SXNzdWUyNTc1NzMxMTE="],"number":[1],"title":["A different API would be better"],"user":{"login":["inf3rno"],"id":[408911],"node_id":["MDQ6VXNlcjQwODkxMQ=="],"avatar_url":["https://avatars2.githubusercontent.com/u/408911?v=4"],"gravatar_id":[""],"url":["https://api.github.com/users/inf3rno"],"html_url":["https://github.com/inf3rno"],"followers_url":["https://api.github.com/users/inf3rno/followers"],"following_url":["https://api.github.com/users/inf3rno/following{/other_user}"],"gists_url":["https://api.github.com/users/inf3rno/gists{/gist_id}"],"starred_url":["https://api.github.com/users/inf3rno/starred{/owner}{/repo}"],"subscriptions_url":["https://api.github.com/users/inf3rno/subscriptions"],"organizations_url":["https://api.github.com/users/inf3rno/orgs"],"repos_url":["https://api.github.com/users/inf3rno/repos"],"events_url":["https://api.github.com/users/inf3rno/events{/privacy}"],"received_events_url":["https://api.github.com/users/inf3rno/received_events"],"type":["User"],"site_admin":[false]},"labels":[{"id":[672964202],"node_id":["MDU6TGFiZWw2NzI5NjQyMDI="],"url":["https://api.github.com/repos/JoshuaWise/wise-inspection/labels/enhancement"],"name":["enhancement"],"color":["84b6eb"],"default":[true]}],"state":["open"],"locked":[false],"assignee":{},"assignees":[],"milestone":{},"comments":[3],"created_at":["2017-09-14T02:09:29Z"],"updated_at":["2017-09-14T21:54:20Z"],"closed_at":{},"author_association":["NONE"],"body":["Imho it would be better to use methods or constants instead of using state strings. e.g. `let state = promise.inspect(); console.log(state.isFullfilled());` or `console.log(promise.isFulfilled());`. Method and constant names can be auto-completed and so harder to mistype."]}]
