[{"url":["https://api.github.com/repos/JoshuaWise/javascript-ultimate/issues/24"],"repository_url":["https://api.github.com/repos/JoshuaWise/javascript-ultimate"],"labels_url":["https://api.github.com/repos/JoshuaWise/javascript-ultimate/issues/24/labels{/name}"],"comments_url":["https://api.github.com/repos/JoshuaWise/javascript-ultimate/issues/24/comments"],"events_url":["https://api.github.com/repos/JoshuaWise/javascript-ultimate/issues/24/events"],"html_url":["https://github.com/JoshuaWise/javascript-ultimate/issues/24"],"id":[322824572],"node_id":["MDU6SXNzdWUzMjI4MjQ1NzI="],"number":[24],"title":["May be broken with Sublime 3.1"],"user":{"login":["beepy"],"id":[224713],"node_id":["MDQ6VXNlcjIyNDcxMw=="],"avatar_url":["https://avatars1.githubusercontent.com/u/224713?v=4"],"gravatar_id":[""],"url":["https://api.github.com/users/beepy"],"html_url":["https://github.com/beepy"],"followers_url":["https://api.github.com/users/beepy/followers"],"following_url":["https://api.github.com/users/beepy/following{/other_user}"],"gists_url":["https://api.github.com/users/beepy/gists{/gist_id}"],"starred_url":["https://api.github.com/users/beepy/starred{/owner}{/repo}"],"subscriptions_url":["https://api.github.com/users/beepy/subscriptions"],"organizations_url":["https://api.github.com/users/beepy/orgs"],"repos_url":["https://api.github.com/users/beepy/repos"],"events_url":["https://api.github.com/users/beepy/events{/privacy}"],"received_events_url":["https://api.github.com/users/beepy/received_events"],"type":["User"],"site_admin":[false]},"labels":[],"state":["open"],"locked":[false],"assignee":{},"assignees":[],"milestone":{},"comments":[0],"created_at":["2018-05-14T13:48:14Z"],"updated_at":["2018-05-14T13:48:14Z"],"closed_at":{},"author_association":["NONE"],"body":["Appears to cause errors with Sublime's Markdown in Sublime 3.1, where opening a any markdown file shows an error, similar to:\r\nhttps://forum.sublimetext.com/t/possible-conflict-between-html-package-and-markdown-package/36356\r\n"]},{"url":["https://api.github.com/repos/JoshuaWise/javascript-ultimate/issues/23"],"repository_url":["https://api.github.com/repos/JoshuaWise/javascript-ultimate"],"labels_url":["https://api.github.com/repos/JoshuaWise/javascript-ultimate/issues/23/labels{/name}"],"comments_url":["https://api.github.com/repos/JoshuaWise/javascript-ultimate/issues/23/comments"],"events_url":["https://api.github.com/repos/JoshuaWise/javascript-ultimate/issues/23/events"],"html_url":["https://github.com/JoshuaWise/javascript-ultimate/issues/23"],"id":[321649020],"node_id":["MDU6SXNzdWUzMjE2NDkwMjA="],"number":[23],"title":["Clarify feature support"],"user":{"login":["Thom1729"],"id":[16958499],"node_id":["MDQ6VXNlcjE2OTU4NDk5"],"avatar_url":["https://avatars2.githubusercontent.com/u/16958499?v=4"],"gravatar_id":[""],"url":["https://api.github.com/users/Thom1729"],"html_url":["https://github.com/Thom1729"],"followers_url":["https://api.github.com/users/Thom1729/followers"],"following_url":["https://api.github.com/users/Thom1729/following{/other_user}"],"gists_url":["https://api.github.com/users/Thom1729/gists{/gist_id}"],"starred_url":["https://api.github.com/users/Thom1729/starred{/owner}{/repo}"],"subscriptions_url":["https://api.github.com/users/Thom1729/subscriptions"],"organizations_url":["https://api.github.com/users/Thom1729/orgs"],"repos_url":["https://api.github.com/users/Thom1729/repos"],"events_url":["https://api.github.com/users/Thom1729/events{/privacy}"],"received_events_url":["https://api.github.com/users/Thom1729/received_events"],"type":["User"],"site_admin":[false]},"labels":[],"state":["open"],"locked":[false],"assignee":{},"assignees":[],"milestone":{},"comments":[1],"created_at":["2018-05-09T16:57:02Z"],"updated_at":["2018-10-14T16:42:43Z"],"closed_at":{},"author_association":["NONE"],"body":["I'm curious as to what JavaScript features this package supports, above and beyond the core syntax.\r\n\r\nThe front page bills this syntax as \"More accurate to the JavaScript specification\". If you're referring to standard functionality, then the core syntax should probably be updated to incorporate it. If you're referring to experimental features, then it might be helpful to state which experimental features this syntax supports, or in general what your policy is in regards to experimental features (e.g. all Stage 2 and higher)."]},{"url":["https://api.github.com/repos/JoshuaWise/javascript-ultimate/issues/21"],"repository_url":["https://api.github.com/repos/JoshuaWise/javascript-ultimate"],"labels_url":["https://api.github.com/repos/JoshuaWise/javascript-ultimate/issues/21/labels{/name}"],"comments_url":["https://api.github.com/repos/JoshuaWise/javascript-ultimate/issues/21/comments"],"events_url":["https://api.github.com/repos/JoshuaWise/javascript-ultimate/issues/21/events"],"html_url":["https://github.com/JoshuaWise/javascript-ultimate/issues/21"],"id":[248100812],"node_id":["MDU6SXNzdWUyNDgxMDA4MTI="],"number":[21],"title":["What if other plugins are installed in sublime-text3 ?"],"user":{"login":["zymr-keshav"],"id":[20237647],"node_id":["MDQ6VXNlcjIwMjM3NjQ3"],"avatar_url":["https://avatars2.githubusercontent.com/u/20237647?v=4"],"gravatar_id":[""],"url":["https://api.github.com/users/zymr-keshav"],"html_url":["https://github.com/zymr-keshav"],"followers_url":["https://api.github.com/users/zymr-keshav/followers"],"following_url":["https://api.github.com/users/zymr-keshav/following{/other_user}"],"gists_url":["https://api.github.com/users/zymr-keshav/gists{/gist_id}"],"starred_url":["https://api.github.com/users/zymr-keshav/starred{/owner}{/repo}"],"subscriptions_url":["https://api.github.com/users/zymr-keshav/subscriptions"],"organizations_url":["https://api.github.com/users/zymr-keshav/orgs"],"repos_url":["https://api.github.com/users/zymr-keshav/repos"],"events_url":["https://api.github.com/users/zymr-keshav/events{/privacy}"],"received_events_url":["https://api.github.com/users/zymr-keshav/received_events"],"type":["User"],"site_admin":[false]},"labels":[],"state":["open"],"locked":[false],"assignee":{},"assignees":[],"milestone":{},"comments":[0],"created_at":["2017-08-04T19:47:59Z"],"updated_at":["2017-08-04T19:48:58Z"],"closed_at":{},"author_association":["NONE"],"body":["I have already installed 2 plugins \r\n1.  [JavaScript Next Snippets](https://github.com/AlexKvazos/javascript-next-snippets)\r\n2. [Javascript and nodejs Snippet](https://packagecontrol.io/packages/JavaScript%20%26%20NodeJS%20Snippets)\r\n\r\nNote: above plugins  are different from the plugins you especially mentioned in your README.md.\r\n\r\nDoes that affect the sublime-text3 or this plugin will not work ? \r\n"]},{"url":["https://api.github.com/repos/JoshuaWise/javascript-ultimate/issues/19"],"repository_url":["https://api.github.com/repos/JoshuaWise/javascript-ultimate"],"labels_url":["https://api.github.com/repos/JoshuaWise/javascript-ultimate/issues/19/labels{/name}"],"comments_url":["https://api.github.com/repos/JoshuaWise/javascript-ultimate/issues/19/comments"],"events_url":["https://api.github.com/repos/JoshuaWise/javascript-ultimate/issues/19/events"],"html_url":["https://github.com/JoshuaWise/javascript-ultimate/issues/19"],"id":[209194768],"node_id":["MDU6SXNzdWUyMDkxOTQ3Njg="],"number":[19],"title":["Problem with vue files"],"user":{"login":["victorwpbastos"],"id":[1017515],"node_id":["MDQ6VXNlcjEwMTc1MTU="],"avatar_url":["https://avatars3.githubusercontent.com/u/1017515?v=4"],"gravatar_id":[""],"url":["https://api.github.com/users/victorwpbastos"],"html_url":["https://github.com/victorwpbastos"],"followers_url":["https://api.github.com/users/victorwpbastos/followers"],"following_url":["https://api.github.com/users/victorwpbastos/following{/other_user}"],"gists_url":["https://api.github.com/users/victorwpbastos/gists{/gist_id}"],"starred_url":["https://api.github.com/users/victorwpbastos/starred{/owner}{/repo}"],"subscriptions_url":["https://api.github.com/users/victorwpbastos/subscriptions"],"organizations_url":["https://api.github.com/users/victorwpbastos/orgs"],"repos_url":["https://api.github.com/users/victorwpbastos/repos"],"events_url":["https://api.github.com/users/victorwpbastos/events{/privacy}"],"received_events_url":["https://api.github.com/users/victorwpbastos/received_events"],"type":["User"],"site_admin":[false]},"labels":[],"state":["open"],"locked":[false],"assignee":{},"assignees":[],"milestone":{},"comments":[12],"created_at":["2017-02-21T16:17:06Z"],"updated_at":["2017-04-12T18:28:46Z"],"closed_at":{},"author_association":["NONE"],"body":["With this package installed the `.vue` files are rendered like this:\r\n\r\n![image](https://cloud.githubusercontent.com/assets/1017515/23173465/ffa073d8-f837-11e6-908b-af5ab1a8abaf.png)"]},{"url":["https://api.github.com/repos/JoshuaWise/javascript-ultimate/issues/17"],"repository_url":["https://api.github.com/repos/JoshuaWise/javascript-ultimate"],"labels_url":["https://api.github.com/repos/JoshuaWise/javascript-ultimate/issues/17/labels{/name}"],"comments_url":["https://api.github.com/repos/JoshuaWise/javascript-ultimate/issues/17/comments"],"events_url":["https://api.github.com/repos/JoshuaWise/javascript-ultimate/issues/17/events"],"html_url":["https://github.com/JoshuaWise/javascript-ultimate/issues/17"],"id":[158065052],"node_id":["MDU6SXNzdWUxNTgwNjUwNTI="],"number":[17],"title":["Error loading syntax file \"Packages/JavaScript/JavaScript.sublime-syntax\""],"user":{"login":["adammenges"],"id":[817438],"node_id":["MDQ6VXNlcjgxNzQzOA=="],"avatar_url":["https://avatars1.githubusercontent.com/u/817438?v=4"],"gravatar_id":[""],"url":["https://api.github.com/users/adammenges"],"html_url":["https://github.com/adammenges"],"followers_url":["https://api.github.com/users/adammenges/followers"],"following_url":["https://api.github.com/users/adammenges/following{/other_user}"],"gists_url":["https://api.github.com/users/adammenges/gists{/gist_id}"],"starred_url":["https://api.github.com/users/adammenges/starred{/owner}{/repo}"],"subscriptions_url":["https://api.github.com/users/adammenges/subscriptions"],"organizations_url":["https://api.github.com/users/adammenges/orgs"],"repos_url":["https://api.github.com/users/adammenges/repos"],"events_url":["https://api.github.com/users/adammenges/events{/privacy}"],"received_events_url":["https://api.github.com/users/adammenges/received_events"],"type":["User"],"site_admin":[false]},"labels":[],"state":["open"],"locked":[false],"assignee":{},"assignees":[],"milestone":{},"comments":[17],"created_at":["2016-06-02T05:56:47Z"],"updated_at":["2018-07-24T08:10:14Z"],"closed_at":{},"author_association":["NONE"],"body":["After install through package manager in latest sublime:\n\n<img width=\"484\" alt=\"screen shot 2016-06-01 at 10 55 32 pm\" src=\"https://cloud.githubusercontent.com/assets/817438/15735261/1218cf0e-284c-11e6-8fb2-cd64f22bd8f5.png\">\n"]},{"url":["https://api.github.com/repos/JoshuaWise/javascript-ultimate/issues/4"],"repository_url":["https://api.github.com/repos/JoshuaWise/javascript-ultimate"],"labels_url":["https://api.github.com/repos/JoshuaWise/javascript-ultimate/issues/4/labels{/name}"],"comments_url":["https://api.github.com/repos/JoshuaWise/javascript-ultimate/issues/4/comments"],"events_url":["https://api.github.com/repos/JoshuaWise/javascript-ultimate/issues/4/events"],"html_url":["https://github.com/JoshuaWise/javascript-ultimate/issues/4"],"id":[63923500],"node_id":["MDU6SXNzdWU2MzkyMzUwMA=="],"number":[4],"title":["JSX"],"user":{"login":["kapooostin"],"id":[467097],"node_id":["MDQ6VXNlcjQ2NzA5Nw=="],"avatar_url":["https://avatars2.githubusercontent.com/u/467097?v=4"],"gravatar_id":[""],"url":["https://api.github.com/users/kapooostin"],"html_url":["https://github.com/kapooostin"],"followers_url":["https://api.github.com/users/kapooostin/followers"],"following_url":["https://api.github.com/users/kapooostin/following{/other_user}"],"gists_url":["https://api.github.com/users/kapooostin/gists{/gist_id}"],"starred_url":["https://api.github.com/users/kapooostin/starred{/owner}{/repo}"],"subscriptions_url":["https://api.github.com/users/kapooostin/subscriptions"],"organizations_url":["https://api.github.com/users/kapooostin/orgs"],"repos_url":["https://api.github.com/users/kapooostin/repos"],"events_url":["https://api.github.com/users/kapooostin/events{/privacy}"],"received_events_url":["https://api.github.com/users/kapooostin/received_events"],"type":["User"],"site_admin":[false]},"labels":[{"id":[184306142],"node_id":["MDU6TGFiZWwxODQzMDYxNDI="],"url":["https://api.github.com/repos/JoshuaWise/javascript-ultimate/labels/enhancement"],"name":["enhancement"],"color":["84b6eb"],"default":[true]}],"state":["open"],"locked":[false],"assignee":{},"assignees":[],"milestone":{},"comments":[1],"created_at":["2015-03-24T07:32:14Z"],"updated_at":["2017-01-03T03:55:59Z"],"closed_at":{},"author_association":["NONE"],"body":["Is it supported and if not do you plan to add React JSX support?\n"]}]
