[{"url":["https://api.github.com/repos/JoshuaWise/expression-sandbox/issues/7"],"repository_url":["https://api.github.com/repos/JoshuaWise/expression-sandbox"],"labels_url":["https://api.github.com/repos/JoshuaWise/expression-sandbox/issues/7/labels{/name}"],"comments_url":["https://api.github.com/repos/JoshuaWise/expression-sandbox/issues/7/comments"],"events_url":["https://api.github.com/repos/JoshuaWise/expression-sandbox/issues/7/events"],"html_url":["https://github.com/JoshuaWise/expression-sandbox/issues/7"],"id":[300500532],"node_id":["MDU6SXNzdWUzMDA1MDA1MzI="],"number":[7],"title":["Problem due to freezing Javascript native types"],"user":{"login":["slevey087"],"id":[28959396],"node_id":["MDQ6VXNlcjI4OTU5Mzk2"],"avatar_url":["https://avatars1.githubusercontent.com/u/28959396?v=4"],"gravatar_id":[""],"url":["https://api.github.com/users/slevey087"],"html_url":["https://github.com/slevey087"],"followers_url":["https://api.github.com/users/slevey087/followers"],"following_url":["https://api.github.com/users/slevey087/following{/other_user}"],"gists_url":["https://api.github.com/users/slevey087/gists{/gist_id}"],"starred_url":["https://api.github.com/users/slevey087/starred{/owner}{/repo}"],"subscriptions_url":["https://api.github.com/users/slevey087/subscriptions"],"organizations_url":["https://api.github.com/users/slevey087/orgs"],"repos_url":["https://api.github.com/users/slevey087/repos"],"events_url":["https://api.github.com/users/slevey087/events{/privacy}"],"received_events_url":["https://api.github.com/users/slevey087/received_events"],"type":["User"],"site_admin":[false]},"labels":[],"state":["open"],"locked":[true],"assignee":{},"assignees":[],"milestone":{},"comments":[1],"created_at":["2018-02-27T05:41:51Z"],"updated_at":["2018-02-27T05:55:09Z"],"closed_at":{},"author_association":["NONE"],"body":["I have a fairly bizarre use-case, but it's causing a problem. I have a section of code that mimics inheriting from Function, which involves creating a mock \"prototype,\" and creating a mock property called \"constructor,\" then copying these over to a function(). The problem is, once I run require('expression-sandbox') it freezes the Javascript native prototypes, so I get an error that I'm trying to write to a read-only property (constructor). \r\n\r\nLooking through your code, my thought is, is there a way to do all the freezing right before running the sandboxed expression, then unfreezing when the execution is finished, rather than freezing everything when the module loads and then leaving it like it currently does? That would solve my problem I believe. \r\n\r\nThanks."]},{"url":["https://api.github.com/repos/JoshuaWise/expression-sandbox/issues/6"],"repository_url":["https://api.github.com/repos/JoshuaWise/expression-sandbox"],"labels_url":["https://api.github.com/repos/JoshuaWise/expression-sandbox/issues/6/labels{/name}"],"comments_url":["https://api.github.com/repos/JoshuaWise/expression-sandbox/issues/6/comments"],"events_url":["https://api.github.com/repos/JoshuaWise/expression-sandbox/issues/6/events"],"html_url":["https://github.com/JoshuaWise/expression-sandbox/issues/6"],"id":[266699800],"node_id":["MDU6SXNzdWUyNjY2OTk4MDA="],"number":[6],"title":["freezing Error breaks Node.js"],"user":{"login":["NodeGuy"],"id":[2148537],"node_id":["MDQ6VXNlcjIxNDg1Mzc="],"avatar_url":["https://avatars0.githubusercontent.com/u/2148537?v=4"],"gravatar_id":[""],"url":["https://api.github.com/users/NodeGuy"],"html_url":["https://github.com/NodeGuy"],"followers_url":["https://api.github.com/users/NodeGuy/followers"],"following_url":["https://api.github.com/users/NodeGuy/following{/other_user}"],"gists_url":["https://api.github.com/users/NodeGuy/gists{/gist_id}"],"starred_url":["https://api.github.com/users/NodeGuy/starred{/owner}{/repo}"],"subscriptions_url":["https://api.github.com/users/NodeGuy/subscriptions"],"organizations_url":["https://api.github.com/users/NodeGuy/orgs"],"repos_url":["https://api.github.com/users/NodeGuy/repos"],"events_url":["https://api.github.com/users/NodeGuy/events{/privacy}"],"received_events_url":["https://api.github.com/users/NodeGuy/received_events"],"type":["User"],"site_admin":[false]},"labels":[],"state":["open"],"locked":[true],"assignee":{},"assignees":[],"milestone":{},"comments":[0],"created_at":["2017-10-19T02:21:08Z"],"updated_at":["2017-10-19T02:21:08Z"],"closed_at":{},"author_association":["NONE"],"body":["Code in Node.js v8.7.0:\r\n\r\n```JavaScript\r\n   this.name = 'AssertionError [ERR_ASSERTION]';\r\n```\r\n\r\nhttps://github.com/nodejs/node/blob/dc4f1b981a888a2f39219d384b6d3eb593203383/lib/internal/errors.js#L53\r\n\r\nThe error message is: `TypeError: Cannot assign to read only property 'name' of object 'Error: false == true'`\r\n\r\nAny ideas?\r\n"]},{"url":["https://api.github.com/repos/JoshuaWise/expression-sandbox/issues/5"],"repository_url":["https://api.github.com/repos/JoshuaWise/expression-sandbox"],"labels_url":["https://api.github.com/repos/JoshuaWise/expression-sandbox/issues/5/labels{/name}"],"comments_url":["https://api.github.com/repos/JoshuaWise/expression-sandbox/issues/5/comments"],"events_url":["https://api.github.com/repos/JoshuaWise/expression-sandbox/issues/5/events"],"html_url":["https://github.com/JoshuaWise/expression-sandbox/issues/5"],"id":[266696426],"node_id":["MDU6SXNzdWUyNjY2OTY0MjY="],"number":[5],"title":["more constructors"],"user":{"login":["NodeGuy"],"id":[2148537],"node_id":["MDQ6VXNlcjIxNDg1Mzc="],"avatar_url":["https://avatars0.githubusercontent.com/u/2148537?v=4"],"gravatar_id":[""],"url":["https://api.github.com/users/NodeGuy"],"html_url":["https://github.com/NodeGuy"],"followers_url":["https://api.github.com/users/NodeGuy/followers"],"following_url":["https://api.github.com/users/NodeGuy/following{/other_user}"],"gists_url":["https://api.github.com/users/NodeGuy/gists{/gist_id}"],"starred_url":["https://api.github.com/users/NodeGuy/starred{/owner}{/repo}"],"subscriptions_url":["https://api.github.com/users/NodeGuy/subscriptions"],"organizations_url":["https://api.github.com/users/NodeGuy/orgs"],"repos_url":["https://api.github.com/users/NodeGuy/repos"],"events_url":["https://api.github.com/users/NodeGuy/events{/privacy}"],"received_events_url":["https://api.github.com/users/NodeGuy/received_events"],"type":["User"],"site_admin":[false]},"labels":[],"state":["open"],"locked":[true],"assignee":{},"assignees":[],"milestone":{},"comments":[0],"created_at":["2017-10-19T01:56:39Z"],"updated_at":["2017-10-19T01:56:39Z"],"closed_at":{},"author_association":["NONE"],"body":["Here's a more complete list of standard constructors for you:\r\n\r\n```JavaScript\r\nconst constructors = [\r\n  Array,\r\n  ArrayBuffer,\r\n  Boolean,\r\n  Date,\r\n  Error,\r\n  EvalError,\r\n  Float32Array,\r\n  Float64Array,\r\n  Function,\r\n  Int8Array,\r\n  Int16Array,\r\n  Int32Array,\r\n  Map,\r\n  Number,\r\n  Object,\r\n  RangeError,\r\n  ReferenceError,\r\n  RegExp,\r\n  Set,\r\n  String,\r\n  SyntaxError,\r\n  TypeError,\r\n  Uint8Array,\r\n  Uint8ClampedArray,\r\n  Uint16Array,\r\n  Uint32Array,\r\n  URIError,\r\n  WeakMap,\r\n  WeakSet\r\n];\r\n```\r\n"]},{"url":["https://api.github.com/repos/JoshuaWise/expression-sandbox/issues/3"],"repository_url":["https://api.github.com/repos/JoshuaWise/expression-sandbox"],"labels_url":["https://api.github.com/repos/JoshuaWise/expression-sandbox/issues/3/labels{/name}"],"comments_url":["https://api.github.com/repos/JoshuaWise/expression-sandbox/issues/3/comments"],"events_url":["https://api.github.com/repos/JoshuaWise/expression-sandbox/issues/3/events"],"html_url":["https://github.com/JoshuaWise/expression-sandbox/issues/3"],"id":[218006250],"node_id":["MDU6SXNzdWUyMTgwMDYyNTA="],"number":[3],"title":["How do I expose \"safe\" functions to the sandbox"],"user":{"login":["InDieTasten"],"id":[7047377],"node_id":["MDQ6VXNlcjcwNDczNzc="],"avatar_url":["https://avatars0.githubusercontent.com/u/7047377?v=4"],"gravatar_id":[""],"url":["https://api.github.com/users/InDieTasten"],"html_url":["https://github.com/InDieTasten"],"followers_url":["https://api.github.com/users/InDieTasten/followers"],"following_url":["https://api.github.com/users/InDieTasten/following{/other_user}"],"gists_url":["https://api.github.com/users/InDieTasten/gists{/gist_id}"],"starred_url":["https://api.github.com/users/InDieTasten/starred{/owner}{/repo}"],"subscriptions_url":["https://api.github.com/users/InDieTasten/subscriptions"],"organizations_url":["https://api.github.com/users/InDieTasten/orgs"],"repos_url":["https://api.github.com/users/InDieTasten/repos"],"events_url":["https://api.github.com/users/InDieTasten/events{/privacy}"],"received_events_url":["https://api.github.com/users/InDieTasten/received_events"],"type":["User"],"site_admin":[false]},"labels":[],"state":["open"],"locked":[true],"assignee":{},"assignees":[],"milestone":{},"comments":[0],"created_at":["2017-03-29T20:54:54Z"],"updated_at":["2017-03-29T21:11:34Z"],"closed_at":{},"author_association":["NONE"],"body":["I'm trying to provide a write function to my sandbox.\r\n\r\nThe write command in itself is pretty complex and written in TypeScript, so I won't post it.\r\n\r\nThe sandboxed code looks like this:\r\n\r\n```javascript\r\nvar code = compiler('(function () { try { \\\r\n\\\r\n    write(\"Hello World!\\\\n>\"); \\\r\n\\\r\n} catch(err) { log(err) } })()');\r\n```\r\n\r\nand I run it like this:\r\n\r\n```javascript\r\n    code({\r\n        write: function(msg: string) {\r\n            terminalObj.write(msg);\r\n        },\r\n        log: function(msg: any) {\r\n            console.info(msg);\r\n        }\r\n    });\r\n```\r\n\r\nNow what happens is that within my `terminalObj.write` is e.g. a slice on an array of numbers that is a property of my terminalObj. Right at the slice (I've narrowed it down to just the slice) the sandbox kicks in and claims: \"Error: You cannot set properties on a sandboxed object\"\r\n\r\n---\r\n\r\nHere is a screenshot I took from `apply` right before the `set` function will throw the top exception with the error message above:\r\n![image](https://cloud.githubusercontent.com/assets/7047377/24476672/8a721620-14d4-11e7-833e-5ebcf7b64f0d.png)\r\n\r\n"]},{"url":["https://api.github.com/repos/JoshuaWise/expression-sandbox/issues/2"],"repository_url":["https://api.github.com/repos/JoshuaWise/expression-sandbox"],"labels_url":["https://api.github.com/repos/JoshuaWise/expression-sandbox/issues/2/labels{/name}"],"comments_url":["https://api.github.com/repos/JoshuaWise/expression-sandbox/issues/2/comments"],"events_url":["https://api.github.com/repos/JoshuaWise/expression-sandbox/issues/2/events"],"html_url":["https://github.com/JoshuaWise/expression-sandbox/issues/2"],"id":[214491560],"node_id":["MDU6SXNzdWUyMTQ0OTE1NjA="],"number":[2],"title":["Using expression-sandbox"],"user":{"login":["viebel"],"id":[955710],"node_id":["MDQ6VXNlcjk1NTcxMA=="],"avatar_url":["https://avatars1.githubusercontent.com/u/955710?v=4"],"gravatar_id":[""],"url":["https://api.github.com/users/viebel"],"html_url":["https://github.com/viebel"],"followers_url":["https://api.github.com/users/viebel/followers"],"following_url":["https://api.github.com/users/viebel/following{/other_user}"],"gists_url":["https://api.github.com/users/viebel/gists{/gist_id}"],"starred_url":["https://api.github.com/users/viebel/starred{/owner}{/repo}"],"subscriptions_url":["https://api.github.com/users/viebel/subscriptions"],"organizations_url":["https://api.github.com/users/viebel/orgs"],"repos_url":["https://api.github.com/users/viebel/repos"],"events_url":["https://api.github.com/users/viebel/events{/privacy}"],"received_events_url":["https://api.github.com/users/viebel/received_events"],"type":["User"],"site_admin":[false]},"labels":[],"state":["open"],"locked":[true],"assignee":{},"assignees":[],"milestone":{},"comments":[0],"created_at":["2017-03-15T18:54:46Z"],"updated_at":["2017-03-15T18:54:46Z"],"closed_at":{},"author_association":["NONE"],"body":["I'd like to use an `expression-sandbox` for implementing secured mode in [Klipse](https://github.com/viebel/klipse).\r\n\r\nI have tried the naive approach suggested in https://blog.risingstack.com/writing-a-javascript-framework-sandboxed-code-evaluation/\r\n\r\nDo you think that `expression-sandbox` could be helpful?\r\n\r\nI have played with it a bit. The problem is that \r\n\r\n```\r\nSandboxes are only allowed to return primitive values\r\n```\r\n\r\nand \r\n```\r\nYou cannot set properties on a sandboxed object.\r\n```"]},{"url":["https://api.github.com/repos/JoshuaWise/expression-sandbox/issues/1"],"repository_url":["https://api.github.com/repos/JoshuaWise/expression-sandbox"],"labels_url":["https://api.github.com/repos/JoshuaWise/expression-sandbox/issues/1/labels{/name}"],"comments_url":["https://api.github.com/repos/JoshuaWise/expression-sandbox/issues/1/comments"],"events_url":["https://api.github.com/repos/JoshuaWise/expression-sandbox/issues/1/events"],"html_url":["https://github.com/JoshuaWise/expression-sandbox/issues/1"],"id":[197790989],"node_id":["MDU6SXNzdWUxOTc3OTA5ODk="],"number":[1],"title":["Halting problem"],"user":{"login":["nelix"],"id":[33324],"node_id":["MDQ6VXNlcjMzMzI0"],"avatar_url":["https://avatars2.githubusercontent.com/u/33324?v=4"],"gravatar_id":[""],"url":["https://api.github.com/users/nelix"],"html_url":["https://github.com/nelix"],"followers_url":["https://api.github.com/users/nelix/followers"],"following_url":["https://api.github.com/users/nelix/following{/other_user}"],"gists_url":["https://api.github.com/users/nelix/gists{/gist_id}"],"starred_url":["https://api.github.com/users/nelix/starred{/owner}{/repo}"],"subscriptions_url":["https://api.github.com/users/nelix/subscriptions"],"organizations_url":["https://api.github.com/users/nelix/orgs"],"repos_url":["https://api.github.com/users/nelix/repos"],"events_url":["https://api.github.com/users/nelix/events{/privacy}"],"received_events_url":["https://api.github.com/users/nelix/received_events"],"type":["User"],"site_admin":[false]},"labels":[],"state":["open"],"locked":[true],"assignee":{},"assignees":[],"milestone":{},"comments":[1],"created_at":["2016-12-28T03:39:32Z"],"updated_at":["2017-10-18T23:11:05Z"],"closed_at":{},"author_association":["NONE"],"body":["Obviously, we can't solve this.\r\n\r\nBut we do need some way to interrupt things like ```while(1)```\r\n\r\nI think the only way around this is to use an iframe or webworker... \r\n\r\nI have toyed with injecting yield into the payload (using a babel plugin) but I never got all the edges sorted out... You can walk the function and look for WhileStatement (etc) and insert a yield at the start of every block then when we run our untrusted code...\r\n```javascript\r\nconst untrusted = `\r\n  let i = 0;\r\n  while(true) {i++}\r\n`\r\n\r\nconst userCodeAfterAstTransform = new Function(`return function* () {\r\n  try {\r\n    let i = 0;\r\n    while(yield) {\r\n      yield i++\r\n    }\r\n  } catch (e) {\r\n    yield {error: e};\r\n  }\r\n}`)();\r\n\r\nfunction run(it, callback) {\r\n  requestIdleCallback(deadline => {\r\n    let val = it.next();\r\n    while (!val.done) {\r\n      if (deadline.timeRemaining() <= 0) {\r\n        run(it, callback);\r\n        return;\r\n      }\r\n      val = it.next();\r\n    }\r\n    callback(val.value);\r\n  });\r\n}\r\n\r\nrun(userCodeAfterAstTransform(), log);\r\n```\r\n\r\n"]}]
