[{"url":["https://api.github.com/repos/JoshuaWise/tiny-msgpack/issues/1"],"repository_url":["https://api.github.com/repos/JoshuaWise/tiny-msgpack"],"labels_url":["https://api.github.com/repos/JoshuaWise/tiny-msgpack/issues/1/labels{/name}"],"comments_url":["https://api.github.com/repos/JoshuaWise/tiny-msgpack/issues/1/comments"],"events_url":["https://api.github.com/repos/JoshuaWise/tiny-msgpack/issues/1/events"],"html_url":["https://github.com/JoshuaWise/tiny-msgpack/pull/1"],"id":[371757213],"node_id":["MDExOlB1bGxSZXF1ZXN0MjI0MTMzOTMw"],"number":[1],"title":["Support for Long and Float specific number types"],"user":{"login":["mattbishop"],"id":[363909],"node_id":["MDQ6VXNlcjM2MzkwOQ=="],"avatar_url":["https://avatars3.githubusercontent.com/u/363909?v=4"],"gravatar_id":[""],"url":["https://api.github.com/users/mattbishop"],"html_url":["https://github.com/mattbishop"],"followers_url":["https://api.github.com/users/mattbishop/followers"],"following_url":["https://api.github.com/users/mattbishop/following{/other_user}"],"gists_url":["https://api.github.com/users/mattbishop/gists{/gist_id}"],"starred_url":["https://api.github.com/users/mattbishop/starred{/owner}{/repo}"],"subscriptions_url":["https://api.github.com/users/mattbishop/subscriptions"],"organizations_url":["https://api.github.com/users/mattbishop/orgs"],"repos_url":["https://api.github.com/users/mattbishop/repos"],"events_url":["https://api.github.com/users/mattbishop/events{/privacy}"],"received_events_url":["https://api.github.com/users/mattbishop/received_events"],"type":["User"],"site_admin":[false]},"labels":[],"state":["open"],"locked":[false],"assignee":{},"assignees":[],"milestone":{},"comments":[2],"created_at":["2018-10-18T23:57:40Z"],"updated_at":["2018-10-30T17:11:57Z"],"closed_at":{},"author_association":["NONE"],"pull_request":{"url":["https://api.github.com/repos/JoshuaWise/tiny-msgpack/pulls/1"],"html_url":["https://github.com/JoshuaWise/tiny-msgpack/pull/1"],"diff_url":["https://github.com/JoshuaWise/tiny-msgpack/pull/1.diff"],"patch_url":["https://github.com/JoshuaWise/tiny-msgpack/pull/1.patch"]},"body":["Msgpack implementations on other platforms usually expect number formats to be in specific families like int and float. They do not do well when a value can be _either_ int or float. Javascript's number type cannot be reliably pinned to be a float or an int, so tiny-msgpack (and msgpack-lite) make a best-guess effort to pick the right msgpack family.\r\n\r\nThis is not always acceptable for cross-platform message formats that use msgpack. This PR brings in support for specifying the number more specifically. One can encode a `Float` instance and it will be encoded as float-32 or float-64, even if the value is an int, like 1.0.\r\n\r\nSimilarly, if one has an int that is greater than 32 bits in length then you can now pass in a `Long` instance and see it encoded as either uint64 or int-64.  This change adds a dependency on the `long` library, which is a pretty safe dependency.\r\n\r\nIf you don't want to accept this PR, please let me know and I can release a new version of tiny-msgpack with these changes for my own purposes."]}]
