[{"url":["https://api.github.com/repos/JoshuaWise/integer/issues/14"],"repository_url":["https://api.github.com/repos/JoshuaWise/integer"],"labels_url":["https://api.github.com/repos/JoshuaWise/integer/issues/14/labels{/name}"],"comments_url":["https://api.github.com/repos/JoshuaWise/integer/issues/14/comments"],"events_url":["https://api.github.com/repos/JoshuaWise/integer/issues/14/events"],"html_url":["https://github.com/JoshuaWise/integer/issues/14"],"id":[415616508],"node_id":["MDU6SXNzdWU0MTU2MTY1MDg="],"number":[14],"title":["Problem with -0"],"user":{"login":["borisgontar"],"id":[5704054],"node_id":["MDQ6VXNlcjU3MDQwNTQ="],"avatar_url":["https://avatars1.githubusercontent.com/u/5704054?v=4"],"gravatar_id":[""],"url":["https://api.github.com/users/borisgontar"],"html_url":["https://github.com/borisgontar"],"followers_url":["https://api.github.com/users/borisgontar/followers"],"following_url":["https://api.github.com/users/borisgontar/following{/other_user}"],"gists_url":["https://api.github.com/users/borisgontar/gists{/gist_id}"],"starred_url":["https://api.github.com/users/borisgontar/starred{/owner}{/repo}"],"subscriptions_url":["https://api.github.com/users/borisgontar/subscriptions"],"organizations_url":["https://api.github.com/users/borisgontar/orgs"],"repos_url":["https://api.github.com/users/borisgontar/repos"],"events_url":["https://api.github.com/users/borisgontar/events{/privacy}"],"received_events_url":["https://api.github.com/users/borisgontar/received_events"],"type":["User"],"site_admin":[false]},"labels":[],"state":["open"],"locked":[false],"assignee":{},"assignees":[],"milestone":{},"comments":[0],"created_at":["2019-02-28T13:11:32Z"],"updated_at":["2019-02-28T13:11:32Z"],"closed_at":{},"author_association":["NONE"],"body":["The method Integer.fromBits does not accept javascript's minus zero the same way other methods do:\r\n\r\n> Integer(-0)\r\nInteger { high: 0, low: 0 }\r\n> Integer.fromNumber(-0)\r\nInteger { high: 0, low: 0 }\r\n> Integer.fromString('-0')\r\nInteger { high: 0, low: 0 }\r\n> Integer.fromBits(0, -0)\r\nTypeError: Expected second arguement to be a regular 32-bit signed integer\r\n\r\nThe problem might be caused by the word \"arguement\" :-)\r\n\r\nAnd thanks a lot for the excellent module 'better-sqlite3'.\r\n"]},{"url":["https://api.github.com/repos/JoshuaWise/integer/issues/8"],"repository_url":["https://api.github.com/repos/JoshuaWise/integer"],"labels_url":["https://api.github.com/repos/JoshuaWise/integer/issues/8/labels{/name}"],"comments_url":["https://api.github.com/repos/JoshuaWise/integer/issues/8/comments"],"events_url":["https://api.github.com/repos/JoshuaWise/integer/issues/8/events"],"html_url":["https://github.com/JoshuaWise/integer/issues/8"],"id":[356040466],"node_id":["MDU6SXNzdWUzNTYwNDA0NjY="],"number":[8],"title":["provide binaries to avoid build on install"],"user":{"login":["oupala"],"id":[13458743],"node_id":["MDQ6VXNlcjEzNDU4NzQz"],"avatar_url":["https://avatars2.githubusercontent.com/u/13458743?v=4"],"gravatar_id":[""],"url":["https://api.github.com/users/oupala"],"html_url":["https://github.com/oupala"],"followers_url":["https://api.github.com/users/oupala/followers"],"following_url":["https://api.github.com/users/oupala/following{/other_user}"],"gists_url":["https://api.github.com/users/oupala/gists{/gist_id}"],"starred_url":["https://api.github.com/users/oupala/starred{/owner}{/repo}"],"subscriptions_url":["https://api.github.com/users/oupala/subscriptions"],"organizations_url":["https://api.github.com/users/oupala/orgs"],"repos_url":["https://api.github.com/users/oupala/repos"],"events_url":["https://api.github.com/users/oupala/events{/privacy}"],"received_events_url":["https://api.github.com/users/oupala/received_events"],"type":["User"],"site_admin":[false]},"labels":[{"id":[616907650],"node_id":["MDU6TGFiZWw2MTY5MDc2NTA="],"url":["https://api.github.com/repos/JoshuaWise/integer/labels/enhancement"],"name":["enhancement"],"color":["84b6eb"],"default":[true]}],"state":["open"],"locked":[false],"assignee":{},"assignees":[],"milestone":{},"comments":[0],"created_at":["2018-08-31T16:07:33Z"],"updated_at":["2018-10-15T14:15:48Z"],"closed_at":{},"author_association":["NONE"],"body":["It could be great if this module could provide binaries to avoid build on install, such as node-sass does.\r\n\r\n```npm\r\nDownloading binary from https://github.com/sass/node-sass/releases/download/v4.9.3/linux-x64-57_binding.node\r\nDownload complete  ] - :\r\nBinary saved to /home/user/dev/myproject/node_modules/node-sass/vendor/linux-x64-57/binding.node\r\nCaching binary to /home/user/.npm/node-sass/4.9.3/linux-x64-57_binding.node\r\n```\r\n\r\nMost issues of integer are about difficulties to install it, this could solve this frequent problem.\r\n\r\nHere are the binaries that should be provided:\r\n\r\n- Windows\r\n- Unix and Linux\r\n- macOS\r\n- Alpine Linux\r\n\r\nFor other architectures, there is still node-gyp."]}]
